Density,Interference,Sociality,residence_time,std_residence_time,mean_expected_consumption_rate,std_expected_consumption_rate,Replicate
0.4,0.1,0,1.040735623,0.026165071,0.893909255,0.009739137,51
0.4,0.1,0,1.041176356,0.026575576,0.894355729,0.009732351,52
0.4,0.1,0,1.040524363,0.026399295,0.893701213,0.009735175,53
0.4,0.1,0,1.042616327,0.027222087,0.892788179,0.00975387,54
0.4,0.1,0,1.041175142,0.026321292,0.89330193,0.009715423,55
0.4,0.1,0,1.041352407,0.026949688,0.894493738,0.009773108,56
0.4,0.1,0,1.040195331,0.026226796,0.895472147,0.0097668,57
0.4,0.1,0,1.039710889,0.02618686,0.895249519,0.00971166,58
0.4,0.1,0,1.041064655,0.026503836,0.894515248,0.009767582,59
0.4,0.1,0,1.040978451,0.026501535,0.893662171,0.009784469,60
0.4,0.1,0.5,1.192756924,0.054269364,0.869197857,0.010358833,51
0.4,0.1,0.5,1.205534537,0.056056573,0.860862123,0.011153525,52
0.4,0.1,0.5,1.187860296,0.052796641,0.873097851,0.010910405,53
0.4,0.1,0.5,1.187933145,0.053687382,0.873178094,0.010829227,54
0.4,0.1,0.5,1.208907419,0.056071773,0.870080644,0.011029243,55
0.4,0.1,0.5,1.179651493,0.052132985,0.877905076,0.01066958,56
0.4,0.1,0.5,1.20558796,0.055787877,0.868935521,0.010746226,57
0.4,0.1,0.5,1.195825057,0.054975771,0.869735103,0.011580724,58
0.4,0.1,0.5,1.163842171,0.049056941,0.873549038,0.010286835,59
0.4,0.1,0.5,1.190471912,0.054225816,0.870395794,0.011708506,60
0.4,0.1,1,1.210068138,0.05803205,0.864389849,0.0123745,51
0.4,0.1,1,1.211088015,0.058762201,0.859412239,0.012658137,52
0.4,0.1,1,1.226104503,0.059932314,0.855937036,0.01048202,53
0.4,0.1,1,1.225096767,0.061478145,0.865499328,0.012529769,54
0.4,0.1,1,1.22240259,0.058652985,0.860323245,0.01060341,55
0.4,0.1,1,1.222516719,0.059314245,0.860115944,0.012041846,56
0.4,0.1,1,1.225894457,0.060982857,0.854755249,0.01443527,57
0.4,0.1,1,1.214352839,0.058408084,0.863301934,0.012724875,58
0.4,0.1,1,1.183240492,0.053754482,0.871717053,0.010061476,59
0.4,0.1,1,1.215067968,0.057655663,0.860520999,0.012190996,60
0.4,0.5,0,1.000021855,0.015116762,0.893515471,0.009734107,51
0.4,0.5,0,1.000026711,0.015118463,0.894361886,0.009769091,52
0.4,0.5,0,1.00002064,0.015116336,0.895127298,0.009757977,53
0.4,0.5,0,1.000016998,0.015115059,0.893225622,0.009697663,54
0.4,0.5,0,1.000030354,0.015119738,0.892488636,0.009718607,55
0.4,0.5,0,1.000016998,0.015115059,0.894714522,0.009776565,56
0.4,0.5,0,1.000030354,0.015119738,0.894421555,0.009796215,57
0.4,0.5,0,1.000018212,0.015115485,0.894118152,0.009716293,58
0.4,0.5,0,1.000021855,0.015116762,0.894960263,0.009695561,59
0.4,0.5,0,1.000016998,0.015115059,0.89439021,0.009762459,60
0.4,0.5,0.5,1.086349663,0.036606008,0.853146892,0.011830835,51
0.4,0.5,0.5,1.084594016,0.036263042,0.860457553,0.011148141,52
0.4,0.5,0.5,1.087255411,0.036687103,0.848882799,0.014735703,53
0.4,0.5,0.5,1.091140661,0.037302786,0.848383213,0.013778164,54
0.4,0.5,0.5,1.08349279,0.036298602,0.85440982,0.013055114,55
0.4,0.5,0.5,1.081752927,0.035332332,0.855328741,0.011826481,56
0.4,0.5,0.5,1.084619513,0.035898747,0.857279015,0.011131639,57
0.4,0.5,0.5,1.071822473,0.034155156,0.864557054,0.010888913,58
0.4,0.5,0.5,1.085293361,0.036233395,0.843370746,0.012560064,59
0.4,0.5,0.5,1.096242478,0.038362959,0.847655802,0.012895951,60
0.4,0.5,1,1.112431826,0.041989874,0.850445915,0.014062628,51
0.4,0.5,1,1.149312554,0.047811423,0.824599369,0.011265693,52
0.4,0.5,1,1.137826786,0.045479017,0.819370393,0.016668029,53
0.4,0.5,1,1.13729135,0.045257173,0.820656516,0.017762488,54
0.4,0.5,1,1.152610159,0.048251677,0.832942903,0.010720002,55
0.4,0.5,1,1.141637972,0.045807382,0.829260198,0.015223147,56
0.4,0.5,1,1.153631251,0.047694739,0.820137005,0.015069109,57
0.4,0.5,1,1.139797336,0.046287607,0.834229145,0.012055994,58
0.4,0.5,1,1.151223611,0.047174392,0.826690098,0.015871073,59
0.4,0.5,1,1.138789599,0.046288633,0.829825656,0.015751536,60
0.4,1,0,1,0.015109085,0.893577142,0.009713552,51
0.4,1,0,1,0.015109085,0.894151124,0.009732872,52
0.4,1,0,1,0.015109085,0.894409314,0.009809857,53
0.4,1,0,1,0.015109085,0.892801182,0.009698979,54
0.4,1,0,1,0.015109085,0.892917854,0.009696231,55
0.4,1,0,1,0.015109085,0.893768464,0.0097041,56
0.4,1,0,1,0.015109085,0.894287067,0.00978736,57
0.4,1,0,1,0.015109085,0.89333844,0.009743141,58
0.4,1,0,1,0.015109085,0.893339949,0.009726013,59
0.4,1,0,1,0.015109085,0.893084123,0.009746634,60
0.4,1,0.5,1.031282326,0.024646496,0.858500328,0.010981904,51
0.4,1,0.5,1.034775408,0.02589841,0.859400421,0.012257463,52
0.4,1,0.5,1.033754316,0.025781065,0.857157448,0.012524231,53
0.4,1,0.5,1.034599358,0.025581378,0.854811125,0.011859096,54
0.4,1,0.5,1.03425697,0.026540333,0.859314938,0.012650832,55
0.4,1,0.5,1.02653868,0.024583055,0.865490285,0.012808731,56
0.4,1,0.5,1.038278203,0.027137107,0.850376838,0.013975264,57
0.4,1,0.5,1.035407975,0.025882903,0.856876778,0.012288043,58
0.4,1,0.5,1.043186973,0.028403484,0.848490441,0.013298742,59
0.4,1,0.5,1.033907298,0.025852771,0.859617294,0.011248204,60
0.4,1,1,1.095269952,0.038410196,0.816936114,0.013695618,51
0.4,1,1,1.104899299,0.039984828,0.81729057,0.014511916,52
0.4,1,1,1.093208342,0.038224336,0.809401071,0.0226995,53
0.4,1,1,1.083775685,0.036752618,0.819282734,0.016011483,54
0.4,1,1,1.09172709,0.038288559,0.825427788,0.014340227,55
0.4,1,1,1.106457041,0.03989281,0.818562123,0.012265768,56
0.4,1,1,1.096227909,0.038329795,0.818162341,0.012308425,57
0.4,1,1,1.091212295,0.03760555,0.824182219,0.014015622,58
0.4,1,1,1.098402434,0.038906179,0.815068356,0.018242038,59
0.4,1,1,1.108041494,0.040097335,0.80053566,0.012174475,60
2,0.1,0,1.043319012,0.018398039,0.886090969,0.010522942,51
2,0.1,0,1.043268448,0.018444383,0.885797688,0.010498896,52
2,0.1,0,1.043750006,0.018559988,0.885236188,0.010531454,53
2,0.1,0,1.043613725,0.018564562,0.885796647,0.010481656,54
2,0.1,0,1.04448703,0.018564157,0.884803114,0.01062765,55
2,0.1,0,1.043326717,0.018438527,0.885680131,0.010535443,56
2,0.1,0,1.043419417,0.01844804,0.88514162,0.010435094,57
2,0.1,0,1.043449032,0.018468632,0.886201539,0.010533155,58
2,0.1,0,1.044108767,0.018700544,0.884699282,0.01048093,59
2,0.1,0,1.043632747,0.018430672,0.885402412,0.010586638,60
2,0.1,0.5,1.162275823,0.033797285,0.839519517,0.015198402,51
2,0.1,0.5,1.166344264,0.032552966,0.848678835,0.014987281,52
2,0.1,0.5,1.165083786,0.034011988,0.843331775,0.015612212,53
2,0.1,0.5,1.160259059,0.03493903,0.846572452,0.016998463,54
2,0.1,0.5,1.169268523,0.034185868,0.848128609,0.015257441,55
2,0.1,0.5,1.166044735,0.032947668,0.845938427,0.015531966,56
2,0.1,0.5,1.162685388,0.032443702,0.846559275,0.01500733,57
2,0.1,0.5,1.164397566,0.034694975,0.846137518,0.016117856,58
2,0.1,0.5,1.159181092,0.03482549,0.840876428,0.015783714,59
2,0.1,0.5,1.161856145,0.031562834,0.846602315,0.014906581,60
2,0.1,1,1.223666253,0.03022087,0.839592649,0.015042733,51
2,0.1,1,1.210600387,0.034671329,0.831312199,0.015916625,52
2,0.1,1,1.211880849,0.034523343,0.830163468,0.01700117,53
2,0.1,1,1.198785608,0.032909447,0.833995186,0.016463892,54
2,0.1,1,1.209311257,0.033595962,0.833519034,0.016133129,55
2,0.1,1,1.206962218,0.033463247,0.829661048,0.017059813,56
2,0.1,1,1.218301941,0.032934447,0.834082037,0.016462636,57
2,0.1,1,1.223115592,0.032167648,0.835970393,0.014957938,58
2,0.1,1,1.206505942,0.034405862,0.8296533,0.016053816,59
2,0.1,1,1.198117205,0.034839164,0.831633157,0.016914487,60
2,0.5,0,1.000068622,0.015113921,0.884534896,0.010495614,51
2,0.5,0,1.000066696,0.015113594,0.885709439,0.010422711,52
2,0.5,0,1.000063325,0.015113474,0.886336671,0.010468805,53
2,0.5,0,1.000075123,0.015114445,0.885831623,0.010404936,54
2,0.5,0,1.000088366,0.015115264,0.883857903,0.010455321,55
2,0.5,0,1.000073197,0.01511432,0.885932401,0.010396856,56
2,0.5,0,1.000064288,0.015113537,0.886038321,0.010503644,57
2,0.5,0,1.000076808,0.015114353,0.884191512,0.010476628,58
2,0.5,0,1.000065973,0.015113815,0.885596912,0.010494619,59
2,0.5,0,1.000065733,0.015113665,0.884807782,0.0104851,60
2,0.5,0.5,1.088289526,0.021718398,0.813271619,0.019252801,51
2,0.5,0.5,1.092733582,0.02208716,0.811635042,0.019957922,52
2,0.5,0.5,1.08893385,0.021771451,0.811408156,0.018951688,53
2,0.5,0.5,1.090601003,0.021840121,0.814349958,0.01750279,54
2,0.5,0.5,1.088509839,0.021872602,0.814196253,0.020333804,55
2,0.5,0.5,1.093034796,0.022129891,0.809281789,0.021090474,56
2,0.5,0.5,1.08898008,0.021731564,0.815269022,0.016182724,57
2,0.5,0.5,1.088828871,0.021812122,0.812394825,0.018792673,58
2,0.5,0.5,1.088533676,0.021896154,0.816983488,0.016075435,59
2,0.5,0.5,1.092880216,0.022153013,0.811784951,0.017409053,60
2,0.5,1,1.123434576,0.025384872,0.766422931,0.024182995,51
2,0.5,1,1.130045401,0.026620919,0.772803936,0.025372241,52
2,0.5,1,1.129769228,0.027717109,0.757704117,0.028312805,53
2,0.5,1,1.132489066,0.026926001,0.763476538,0.027115381,54
2,0.5,1,1.126804036,0.025771841,0.765199382,0.02352565,55
2,0.5,1,1.131623707,0.025366952,0.763982404,0.020681699,56
2,0.5,1,1.126735895,0.026676572,0.752219897,0.029270837,57
2,0.5,1,1.130769664,0.025440877,0.771544029,0.022050387,58
2,0.5,1,1.130863568,0.025248975,0.778023426,0.022869069,59
2,0.5,1,1.12605425,0.02648739,0.765752334,0.026231881,60
2,1,0,1.00000313,0.015109303,0.88541391,0.010446705,51
2,1,0,1.000000482,0.015109118,0.884201081,0.010472083,52
2,1,0,1.000002889,0.015109286,0.886072004,0.010443624,53
2,1,0,1.000000482,0.015109118,0.884979054,0.010459795,54
2,1,0,1.000000482,0.015109118,0.885362357,0.010358311,55
2,1,0,1.000000482,0.015109118,0.885453229,0.010450727,56
2,1,0,1.000001204,0.015109169,0.884035276,0.010442334,57
2,1,0,1,0.015109085,0.885702144,0.010401475,58
2,1,0,1.000000722,0.015109135,0.88528283,0.010503501,59
2,1,0,1.000001204,0.015109169,0.885454994,0.010487547,60
2,1,0.5,1.053658057,0.01952332,0.821783596,0.016024856,51
2,1,0.5,1.053153626,0.019312344,0.821979239,0.015023964,52
2,1,0.5,1.054693647,0.019488149,0.82052884,0.01534575,53
2,1,0.5,1.054560737,0.019619486,0.820436389,0.0154517,54
2,1,0.5,1.056515862,0.019690379,0.821597951,0.015046132,55
2,1,0.5,1.055404667,0.01952141,0.82030294,0.014862009,56
2,1,0.5,1.053060444,0.019281919,0.821870088,0.01620211,57
2,1,0.5,1.053441838,0.019279816,0.821266125,0.015395995,58
2,1,0.5,1.053974922,0.019255466,0.822977741,0.014348007,59
2,1,0.5,1.051715935,0.019277384,0.825601038,0.013662519,60
2,1,1,1.097726614,0.022415311,0.74350375,0.029994512,51
2,1,1,1.102840517,0.022679028,0.748673303,0.029077975,52
2,1,1,1.100654004,0.02271468,0.729904463,0.031141459,53
2,1,1,1.103124395,0.022677105,0.740748171,0.028467278,54
2,1,1,1.099851006,0.022542001,0.751595405,0.022494928,55
2,1,1,1.103167013,0.022425578,0.741408144,0.027786656,56
2,1,1,1.10026033,0.022460091,0.749165692,0.023778665,57
2,1,1,1.100880577,0.022672075,0.739874342,0.03014974,58
2,1,1,1.10404417,0.023141465,0.74090432,0.026800233,59
2,1,1,1.098498551,0.022404561,0.745488327,0.026430497,60
5,0.1,0,1.049461667,0.017105891,0.875328213,0.013066705,51
5,0.1,0,1.049030094,0.016964852,0.875746076,0.012881049,52
5,0.1,0,1.049187853,0.017156507,0.875481718,0.013034085,53
5,0.1,0,1.049186793,0.017048612,0.875222365,0.012870862,54
5,0.1,0,1.049240728,0.017089831,0.875159884,0.012953343,55
5,0.1,0,1.048934939,0.017069687,0.876004838,0.012821142,56
5,0.1,0,1.049550177,0.017026264,0.874861798,0.0130501,57
5,0.1,0,1.049419193,0.016995264,0.874674744,0.012965222,58
5,0.1,0,1.049593902,0.017011815,0.874472254,0.013048304,59
5,0.1,0,1.049530048,0.017124958,0.875311632,0.013107055,60
5,0.1,0.5,1.125749569,0.026945969,0.826105777,0.017519349,51
5,0.1,0.5,1.131073864,0.028064795,0.824203864,0.017993729,52
5,0.1,0.5,1.13015274,0.026656076,0.825720652,0.017700462,53
5,0.1,0.5,1.131335061,0.028418969,0.821964729,0.01793255,54
5,0.1,0.5,1.128937867,0.027532302,0.822448844,0.018009262,55
5,0.1,0.5,1.1329373,0.028220909,0.826149808,0.01817314,56
5,0.1,0.5,1.127799657,0.026812352,0.823101237,0.017851753,57
5,0.1,0.5,1.131308768,0.027228785,0.824974566,0.017817164,58
5,0.1,0.5,1.132745062,0.026988379,0.824317908,0.018012008,59
5,0.1,0.5,1.132870942,0.026748501,0.825386698,0.017599145,60
5,0.1,1,1.158768541,0.041947493,0.800623167,0.02504443,51
5,0.1,1,1.161147918,0.03816718,0.805273617,0.023173436,52
5,0.1,1,1.16237252,0.039296042,0.805353432,0.023510187,53
5,0.1,1,1.16217354,0.036760602,0.798696837,0.022913679,54
5,0.1,1,1.159735317,0.037070379,0.800138909,0.023508727,55
5,0.1,1,1.163685439,0.038700695,0.801470922,0.022766737,56
5,0.1,1,1.161250105,0.039389217,0.796785359,0.023508735,57
5,0.1,1,1.160006048,0.040933989,0.801447475,0.023905137,58
5,0.1,1,1.155944494,0.039257439,0.800753286,0.023650038,59
5,0.1,1,1.157039652,0.038785636,0.802113632,0.023649056,60
5,0.5,0,1.000372052,0.015126511,0.873612869,0.012849333,51
5,0.5,0,1.000390254,0.015139494,0.873157535,0.012933051,52
5,0.5,0,1.000418859,0.01512161,0.873201542,0.013014231,53
5,0.5,0,1.000347588,0.015125561,0.874431526,0.012732945,54
5,0.5,0,1.000301937,0.015124617,0.876243839,0.012641958,55
5,0.5,0,1.000399115,0.015120669,0.872816626,0.012961321,56
5,0.5,0,1.000349515,0.015125689,0.873968528,0.012779056,57
5,0.5,0,1.000358279,0.015119342,0.874850374,0.012832338,58
5,0.5,0,1.000331697,0.015118874,0.875397143,0.012817936,59
5,0.5,0,1.0003734,0.015120022,0.874833887,0.012868929,60
5,0.5,0.5,1.082684145,0.018607114,0.795054446,0.0180589,51
5,0.5,0.5,1.086058902,0.018664061,0.791281255,0.016656055,52
5,0.5,0.5,1.083689349,0.018534765,0.793905978,0.016742453,53
5,0.5,0.5,1.083846144,0.018416085,0.794634084,0.017425162,54
5,0.5,0.5,1.084006792,0.018461186,0.79178959,0.016779552,55
5,0.5,0.5,1.082160403,0.018544923,0.795189536,0.01724346,56
5,0.5,0.5,1.082597946,0.018408734,0.792980923,0.017126444,57
5,0.5,0.5,1.083009197,0.018582204,0.794231307,0.017723959,58
5,0.5,0.5,1.083006693,0.018454125,0.793998478,0.01651501,59
5,0.5,0.5,1.084058222,0.01875964,0.795368532,0.017775287,60
5,0.5,1,1.105542249,0.021869571,0.732464691,0.027693982,51
5,0.5,1,1.106935491,0.02269667,0.728976381,0.030166423,52
5,0.5,1,1.109929625,0.021978216,0.728387719,0.026528388,53
5,0.5,1,1.110774663,0.021748276,0.724916469,0.025540161,54
5,0.5,1,1.108160382,0.022107381,0.725568985,0.02899553,55
5,0.5,1,1.105119344,0.021312889,0.727348406,0.026129632,56
5,0.5,1,1.104141975,0.021144226,0.72555426,0.026223743,57
5,0.5,1,1.106816932,0.021177684,0.726206006,0.024804758,58
5,0.5,1,1.107905638,0.02198557,0.733638892,0.028336629,59
5,0.5,1,1.10805704,0.021995869,0.731129045,0.02858763,60
5,1,0,1.00001358,0.015109512,0.874978019,0.012764158,51
5,1,0,1.000011943,0.015109446,0.874822073,0.012824697,52
5,1,0,1.000008572,0.015109332,0.87353026,0.012955235,53
5,1,0,1.00002976,0.015110043,0.873564501,0.012977483,54
5,1,0,1.000018492,0.015109665,0.874011122,0.012859527,55
5,1,0,1.000014832,0.01510954,0.874129307,0.012925725,56
5,1,0,1.00001358,0.015109506,0.873149459,0.012998251,57
5,1,0,1.000008186,0.015109311,0.872551113,0.013009151,58
5,1,0,1.000012617,0.015109475,0.872712797,0.012987935,59
5,1,0,1.000009246,0.015109351,0.873456754,0.012879295,60
5,1,0.5,1.049833814,0.017379538,0.811823879,0.013262913,51
5,1,0.5,1.049458103,0.017340667,0.813181563,0.012681601,52
5,1,0.5,1.051019891,0.017630251,0.809433606,0.01188482,53
5,1,0.5,1.050959793,0.017485629,0.810628139,0.012632582,54
5,1,0.5,1.051038961,0.017355227,0.811602629,0.013527598,55
5,1,0.5,1.050673266,0.017424344,0.812345604,0.012438758,56
5,1,0.5,1.051007274,0.017451822,0.811838688,0.012590139,57
5,1,0.5,1.051212803,0.017310967,0.809970661,0.012358127,58
5,1,0.5,1.051912314,0.017585367,0.810711335,0.012537337,59
5,1,0.5,1.049794038,0.017499826,0.81347194,0.012750795,60
5,1,1,1.093366542,0.018992705,0.697564902,0.030690424,51
5,1,1,1.091748026,0.018879576,0.699313689,0.027421368,52
5,1,1,1.092547797,0.019016297,0.694523558,0.029266371,53
5,1,1,1.090728183,0.018807754,0.697545369,0.028743764,54
5,1,1,1.091568405,0.018801713,0.701917558,0.025953146,55
5,1,1,1.091751878,0.019032523,0.698640229,0.029381071,56
5,1,1,1.092481727,0.018910049,0.699433967,0.0308065,57
5,1,1,1.09413453,0.019100126,0.695118078,0.030844558,58
5,1,1,1.096286901,0.018974431,0.689905171,0.02823575,59
5,1,1,1.093141365,0.018812501,0.694558954,0.028646189,60
0.4,0.1,0,1.039829875,0.02617237,0.895372155,0.009830827,1
0.4,0.1,0,1.040906817,0.026639883,0.893985936,0.009771123,2
0.4,0.1,0,1.039903937,0.026032268,0.894785858,0.009853569,3
0.4,0.1,0,1.040426018,0.026391307,0.893925036,0.009723488,4
0.4,0.1,0,1.041893913,0.026948245,0.892916329,0.009752404,5
0.4,0.1,0,1.040651848,0.02634144,0.894384661,0.009763252,6
0.4,0.1,0,1.041097437,0.026544374,0.893213756,0.009714464,7
0.4,0.1,0,1.041020946,0.026580193,0.893792817,0.009752888,8
0.4,0.1,0,1.041263774,0.02662124,0.894001004,0.009790008,9
0.4,0.1,0,1.041686295,0.026806092,0.893505871,0.009715236,10
0.4,0.1,0,1.040291248,0.026217758,0.895034414,0.009782127,11
0.4,0.1,0,1.040122482,0.026456056,0.894421916,0.009727064,12
0.4,0.1,0,1.040632421,0.026279147,0.894359924,0.009718193,13
0.4,0.1,0,1.040281535,0.02663293,0.894336277,0.009797826,14
0.4,0.1,0,1.041450752,0.026782972,0.89386142,0.009763752,15
0.4,0.1,0,1.041210352,0.026665146,0.892492617,0.009764905,16
0.4,0.1,0,1.040797545,0.026664412,0.894943586,0.009771745,17
0.4,0.1,0,1.040175905,0.026449192,0.89453784,0.009776843,18
0.4,0.1,0,1.040371381,0.026343485,0.895279944,0.009758291,19
0.4,0.1,0,1.04042966,0.026500771,0.894027293,0.009724987,20
0.4,0.1,0,1.041303841,0.02663358,0.894295814,0.009744036,21
0.4,0.1,0,1.040807258,0.026482759,0.894255467,0.009763044,22
0.4,0.1,0,1.041528457,0.026671517,0.894258382,0.009717146,23
0.4,0.1,0,1.040843682,0.026467082,0.893682909,0.009746661,24
0.4,0.1,0,1.040392022,0.026440384,0.894748878,0.009797986,25
0.4,0.1,0,1.040787831,0.026822689,0.894594816,0.009783874,26
0.4,0.1,0,1.040830326,0.026523018,0.894510532,0.009767018,27
0.4,0.1,0,1.041561239,0.026830418,0.893516489,0.009754649,28
0.4,0.1,0,1.040026565,0.026292021,0.894605358,0.009742736,29
0.4,0.1,0,1.04071984,0.026591743,0.893600174,0.009721716,30
0.4,0.1,0,1.041073154,0.026674594,0.894873916,0.009696332,31
0.4,0.1,0,1.040355597,0.026104489,0.895136629,0.009772056,32
0.4,0.1,0,1.041057371,0.026534115,0.894537638,0.009758207,33
0.4,0.1,0,1.040562001,0.026648826,0.895051408,0.00975328,34
0.4,0.1,0,1.041011233,0.026650009,0.893450236,0.009744383,35
0.4,0.1,0,1.040393236,0.026583976,0.894719811,0.009702322,36
0.4,0.1,0,1.040070274,0.026413821,0.895219096,0.009820952,37
0.4,0.1,0,1.040345884,0.026608016,0.89409304,0.009690667,38
0.4,0.1,0,1.041399758,0.026811677,0.893411935,0.009752144,39
0.4,0.1,0,1.040167406,0.026825483,0.895168756,0.009770749,40
0.4,0.1,0,1.040917744,0.026414362,0.893316401,0.00973192,41
0.4,0.1,0,1.040419947,0.02644485,0.893300331,0.009688379,42
0.4,0.1,0,1.041260132,0.026442132,0.894205062,0.009772473,43
0.4,0.1,0,1.040832755,0.026556273,0.894121167,0.009772893,44
0.4,0.1,0,1.041029445,0.026587728,0.89307252,0.009756321,45
0.4,0.1,0,1.040178333,0.026490891,0.89530665,0.009776738,46
0.4,0.1,0,1.042310363,0.026675085,0.893671629,0.009735352,47
0.4,0.1,0,1.040870393,0.026325901,0.893948324,0.00972788,48
0.4,0.1,0,1.040785403,0.026507637,0.89329561,0.009789681,49
0.4,0.1,0,1.041056156,0.026664443,0.894460077,0.009765267,50
0.4,0.1,0.5,1.19190824,0.053492075,0.871135813,0.010321438,1
0.4,0.1,0.5,1.201340897,0.054900817,0.871130674,0.010520644,2
0.4,0.1,0.5,1.191059556,0.052500779,0.873069095,0.010196956,3
0.4,0.1,0.5,1.220163715,0.056633013,0.866729074,0.010101147,4
0.4,0.1,0.5,1.200147397,0.05496188,0.872062491,0.011029064,5
0.4,0.1,0.5,1.201393105,0.055743197,0.868846496,0.010288392,6
0.4,0.1,0.5,1.186926622,0.053874052,0.873467344,0.01063973,7
0.4,0.1,0.5,1.192618512,0.054011879,0.869518173,0.01072084,8
0.4,0.1,0.5,1.189215277,0.053738216,0.874453772,0.010288779,9
0.4,0.1,0.5,1.205324491,0.055843051,0.870195339,0.011042642,10
0.4,0.1,0.5,1.199522114,0.054470224,0.869964644,0.010682963,11
0.4,0.1,0.5,1.192912334,0.05336173,0.873020985,0.01004767,12
0.4,0.1,0.5,1.193916428,0.054461513,0.872963623,0.010374539,13
0.4,0.1,0.5,1.222004351,0.057143169,0.868049361,0.00981786,14
0.4,0.1,0.5,1.185019208,0.052694339,0.874803262,0.010680366,15
0.4,0.1,0.5,1.194149543,0.055184443,0.872113395,0.011276011,16
0.4,0.1,0.5,1.19240968,0.055353347,0.872699339,0.010658629,17
0.4,0.1,0.5,1.190118597,0.053730392,0.869679903,0.009917361,18
0.4,0.1,0.5,1.187091745,0.053909114,0.871374959,0.01141596,19
0.4,0.1,0.5,1.178714177,0.053395035,0.870775794,0.010893922,20
0.4,0.1,0.5,1.196250006,0.054442939,0.874291884,0.010755505,21
0.4,0.1,0.5,1.188441869,0.05391609,0.875843992,0.010697504,22
0.4,0.1,0.5,1.201809555,0.055199545,0.867877422,0.010861136,23
0.4,0.1,0.5,1.193264435,0.053728772,0.871857029,0.0108345,24
0.4,0.1,0.5,1.198373538,0.053321001,0.866611451,0.010109348,25
0.4,0.1,0.5,1.18632198,0.053115873,0.869095264,0.01035124,26
0.4,0.1,0.5,1.195667219,0.054339307,0.871517379,0.010743308,27
0.4,0.1,0.5,1.203367297,0.055386662,0.870485695,0.01097831,28
0.4,0.1,0.5,1.19503708,0.055124301,0.871532006,0.01071815,29
0.4,0.1,0.5,1.184253085,0.053344868,0.87146773,0.011482812,30
0.4,0.1,0.5,1.175616905,0.051947975,0.878111324,0.010419173,31
0.4,0.1,0.5,1.180712652,0.052542692,0.875137698,0.010842677,32
0.4,0.1,0.5,1.170705707,0.05093411,0.873515638,0.011523186,33
0.4,0.1,0.5,1.190039678,0.054200254,0.875424354,0.011179065,34
0.4,0.1,0.5,1.18659759,0.052752459,0.866359221,0.011048345,35
0.4,0.1,0.5,1.197136329,0.055241888,0.872659375,0.010423531,36
0.4,0.1,0.5,1.179850612,0.052916779,0.876529082,0.010341304,37
0.4,0.1,0.5,1.179731626,0.052492571,0.878586281,0.01022454,38
0.4,0.1,0.5,1.18936583,0.053763842,0.874121727,0.010991281,39
0.4,0.1,0.5,1.185921314,0.053201774,0.872490272,0.010771112,40
0.4,0.1,0.5,1.191354592,0.054393474,0.873643296,0.011304102,41
0.4,0.1,0.5,1.184855299,0.052964376,0.866204781,0.011146964,42
0.4,0.1,0.5,1.206069973,0.055894607,0.871674123,0.010742124,43
0.4,0.1,0.5,1.184829802,0.053670719,0.873656481,0.010283272,44
0.4,0.1,0.5,1.206559272,0.05604322,0.86816892,0.01014378,45
0.4,0.1,0.5,1.205240715,0.055785181,0.87094163,0.010386775,46
0.4,0.1,0.5,1.213665635,0.056839105,0.869055555,0.010471192,47
0.4,0.1,0.5,1.188730835,0.053791825,0.868767856,0.010157751,48
0.4,0.1,0.5,1.221047609,0.056734543,0.866666159,0.010246116,49
0.4,0.1,0.5,1.177619022,0.05228301,0.877297897,0.010680218,50
0.4,0.1,1,1.192294337,0.055711394,0.872533146,0.010575985,1
0.4,0.1,1,1.244271686,0.06131317,0.853806916,0.010786427,2
0.4,0.1,1,1.200676762,0.056423921,0.86881967,0.010959473,3
0.4,0.1,1,1.243881947,0.061869654,0.846315013,0.013201846,4
0.4,0.1,1,1.201325113,0.057496749,0.861341304,0.010755247,5
0.4,0.1,1,1.207284114,0.058261312,0.859704087,0.011290935,6
0.4,0.1,1,1.20602505,0.057949127,0.866705328,0.010222944,7
0.4,0.1,1,1.222967165,0.059370102,0.862986938,0.011856665,8
0.4,0.1,1,1.224278436,0.061166863,0.862769485,0.011150144,9
0.4,0.1,1,1.222802042,0.058929684,0.86149108,0.010981472,10
0.4,0.1,1,1.209911513,0.057181011,0.864047265,0.010442531,11
0.4,0.1,1,1.202069381,0.057221836,0.873486877,0.010678423,12
0.4,0.1,1,1.215293798,0.059796994,0.860153147,0.015899354,13
0.4,0.1,1,1.224031966,0.05953494,0.862104066,0.009972595,14
0.4,0.1,1,1.214140364,0.058203337,0.858003938,0.014440286,15
0.4,0.1,1,1.239847358,0.060544635,0.855697474,0.010926628,16
0.4,0.1,1,1.232143638,0.059584211,0.855638128,0.011795267,17
0.4,0.1,1,1.21740883,0.057865148,0.865181918,0.01159,18
0.4,0.1,1,1.207196696,0.05551405,0.866124631,0.010879076,19
0.4,0.1,1,1.222686698,0.058587737,0.863552665,0.011149113,20
0.4,0.1,1,1.23015609,0.059800484,0.857052824,0.012459239,21
0.4,0.1,1,1.22394819,0.058909422,0.858608169,0.01207272,22
0.4,0.1,1,1.215616759,0.059649211,0.85892324,0.012833005,23
0.4,0.1,1,1.21505704,0.058632201,0.859628172,0.012089532,24
0.4,0.1,1,1.204815766,0.05546387,0.868747441,0.010019796,25
0.4,0.1,1,1.199106878,0.056937563,0.864790202,0.011554309,26
0.4,0.1,1,1.193983206,0.055361289,0.869889013,0.012794698,27
0.4,0.1,1,1.215928793,0.05885122,0.85521057,0.012366477,28
0.4,0.1,1,1.238633218,0.061419619,0.849911276,0.012378931,29
0.4,0.1,1,1.207330251,0.059344883,0.863912588,0.013365367,30
0.4,0.1,1,1.232691215,0.059489914,0.862438259,0.01060803,31
0.4,0.1,1,1.221037896,0.05812624,0.856714394,0.011947566,32
0.4,0.1,1,1.239657952,0.061755874,0.855656822,0.010045775,33
0.4,0.1,1,1.198995177,0.055026113,0.869326344,0.011587362,34
0.4,0.1,1,1.204622718,0.058103518,0.867401233,0.00991474,35
0.4,0.1,1,1.20694294,0.057225573,0.86666961,0.011269819,36
0.4,0.1,1,1.215271943,0.058791626,0.858497063,0.013213095,37
0.4,0.1,1,1.214346768,0.060003081,0.858788339,0.01280725,38
0.4,0.1,1,1.254356336,0.064073315,0.846830548,0.010321595,39
0.4,0.1,1,1.209039761,0.058759565,0.864401852,0.012776358,40
0.4,0.1,1,1.210842759,0.058151144,0.860359345,0.014148398,41
0.4,0.1,1,1.215613117,0.058497076,0.861336786,0.010951802,42
0.4,0.1,1,1.222419587,0.060420727,0.862378583,0.013877314,43
0.4,0.1,1,1.208834571,0.058803885,0.866613465,0.012209984,44
0.4,0.1,1,1.214601738,0.057196473,0.867122526,0.010322914,45
0.4,0.1,1,1.214759576,0.058911527,0.858283744,0.017689649,46
0.4,0.1,1,1.205595244,0.057348719,0.867904861,0.011053839,47
0.4,0.1,1,1.212967505,0.059150553,0.860220243,0.013497475,48
0.4,0.1,1,1.195923402,0.055022772,0.862897367,0.011329625,49
0.4,0.1,1,1.222922242,0.058821195,0.854699914,0.01373255,50
0.4,0.5,0,1.000021855,0.015116762,0.892820911,0.009749991,1
0.4,0.5,0,1.000023069,0.015117187,0.894217939,0.009740335,2
0.4,0.5,0,1.000027925,0.015118888,0.893993986,0.009687606,3
0.4,0.5,0,1.00001457,0.015114207,0.892839762,0.009691939,4
0.4,0.5,0,1.000015784,0.015114633,0.893473591,0.009733487,5
0.4,0.5,0,1.000025497,0.015118038,0.893961699,0.00975043,6
0.4,0.5,0,1.000013356,0.01511378,0.892890567,0.009713244,7
0.4,0.5,0,1.000027925,0.015118888,0.892468463,0.009671729,8
0.4,0.5,0,1.000024283,0.015117613,0.892864862,0.00972071,9
0.4,0.5,0,1.000031568,0.015120162,0.891746926,0.009711955,10
0.4,0.5,0,1.000019426,0.015115911,0.893560249,0.009785721,11
0.4,0.5,0,1.000021855,0.015116762,0.893266451,0.009759704,12
0.4,0.5,0,1.000027925,0.015198991,0.892726777,0.009753513,13
0.4,0.5,0,1.00001457,0.015114207,0.894450499,0.009776519,14
0.4,0.5,0,1.000025497,0.015118038,0.894116035,0.009775415,15
0.4,0.5,0,1.000023069,0.015117187,0.893399014,0.009748437,16
0.4,0.5,0,1.000024283,0.015117613,0.892470715,0.009685261,17
0.4,0.5,0,1.000019426,0.015116765,0.893932745,0.009764566,18
0.4,0.5,0,1.000019426,0.015115911,0.893866711,0.009727786,19
0.4,0.5,0,1.000015784,0.015114633,0.894548652,0.009765541,20
0.4,0.5,0,1.000016998,0.015115059,0.893571442,0.009722037,21
0.4,0.5,0,1.000023069,0.015117187,0.89278931,0.009758503,22
0.4,0.5,0,1.000029139,0.015119313,0.894132889,0.00979018,23
0.4,0.5,0,1.000024283,0.015117613,0.893367057,0.009750463,24
0.4,0.5,0,1.000030354,0.015119738,0.893204366,0.00977202,25
0.4,0.5,0,1.000021855,0.015116762,0.894159798,0.009713336,26
0.4,0.5,0,1.000018212,0.015115485,0.89368907,0.009801416,27
0.4,0.5,0,1.000025497,0.015118038,0.893104091,0.009771921,28
0.4,0.5,0,1.000015784,0.015114633,0.893135405,0.00976645,29
0.4,0.5,0,1.000013356,0.01511378,0.893614786,0.009740154,30
0.4,0.5,0,1.000019426,0.015115911,0.894009128,0.009724361,31
0.4,0.5,0,1.000027925,0.015118888,0.893972188,0.009731891,32
0.4,0.5,0,1.00002064,0.015116336,0.891812313,0.00968265,33
0.4,0.5,0,1.00001457,0.015114207,0.894187566,0.009793551,34
0.4,0.5,0,1.00002064,0.015116336,0.89450672,0.009750335,35
0.4,0.5,0,1.000024283,0.015117613,0.893647401,0.009724352,36
0.4,0.5,0,1.000024283,0.015117613,0.894096607,0.009782568,37
0.4,0.5,0,1.000016998,0.015115059,0.894207684,0.009733337,38
0.4,0.5,0,1.00001457,0.015114207,0.89414551,0.009759042,39
0.4,0.5,0,1.00002064,0.015116336,0.892864319,0.009737932,40
0.4,0.5,0,1.000018212,0.015115485,0.894453494,0.009754435,41
0.4,0.5,0,1.000009713,0.015112501,0.895365294,0.009819577,42
0.4,0.5,0,1.00001457,0.015114207,0.894452546,0.009736243,43
0.4,0.5,0,1.000018212,0.015115485,0.89409086,0.009756763,44
0.4,0.5,0,1.000018212,0.015115485,0.894073259,0.009788119,45
0.4,0.5,0,1.000013356,0.01511378,0.894666868,0.009766651,46
0.4,0.5,0,1.000026711,0.015118463,0.892445411,0.009749964,47
0.4,0.5,0,1.000012141,0.015113354,0.893760309,0.00973351,48
0.4,0.5,0,1.000031568,0.015120162,0.893210783,0.009723548,49
0.4,0.5,0,1.000021855,0.015116762,0.893789408,0.009670378,50
0.4,0.5,0.5,1.097530681,0.038269104,0.842120819,0.013027258,1
0.4,0.5,0.5,1.087583229,0.036646341,0.852281631,0.010922987,2
0.4,0.5,0.5,1.085989063,0.036786305,0.856051998,0.011123259,3
0.4,0.5,0.5,1.09217268,0.037671376,0.850260063,0.013361299,4
0.4,0.5,0.5,1.083971162,0.036671745,0.852400133,0.011238038,5
0.4,0.5,0.5,1.096507161,0.038608686,0.847007301,0.013331103,6
0.4,0.5,0.5,1.089603559,0.03777548,0.855119768,0.011307686,7
0.4,0.5,0.5,1.072827781,0.034184565,0.865345846,0.011390979,8
0.4,0.5,0.5,1.088379705,0.036872201,0.849163742,0.013183305,9
0.4,0.5,0.5,1.082449844,0.035869044,0.849465738,0.012097623,10
0.4,0.5,0.5,1.099019217,0.038447054,0.847664527,0.01377559,11
0.4,0.5,0.5,1.079708315,0.035776439,0.851253475,0.013013086,12
0.4,0.5,0.5,1.089935019,0.037356245,0.855836879,0.010872766,13
0.4,0.5,0.5,1.075283987,0.034866233,0.857768047,0.011627504,14
0.4,0.5,0.5,1.088621319,0.03707589,0.854984019,0.012304825,15
0.4,0.5,0.5,1.08816116,0.036583982,0.856261936,0.011020952,16
0.4,0.5,0.5,1.076733671,0.034864778,0.860978524,0.012967868,17
0.4,0.5,0.5,1.093890689,0.038037999,0.848339405,0.012764523,18
0.4,0.5,0.5,1.076020971,0.034874724,0.848293946,0.014628819,19
0.4,0.5,0.5,1.096815553,0.03804281,0.845331932,0.010789372,20
0.4,0.5,0.5,1.094275571,0.037465882,0.848670879,0.012880731,21
0.4,0.5,0.5,1.086637414,0.036158847,0.85681386,0.011567182,22
0.4,0.5,0.5,1.093306687,0.037615381,0.842428389,0.015288947,23
0.4,0.5,0.5,1.083095767,0.037152557,0.857887043,0.013401814,24
0.4,0.5,0.5,1.088912713,0.036936057,0.85436266,0.012636131,25
0.4,0.5,0.5,1.090933043,0.037258374,0.849563638,0.013221165,26
0.4,0.5,0.5,1.083753831,0.037007169,0.857191846,0.01317498,27
0.4,0.5,0.5,1.082976781,0.036079335,0.858878257,0.011343921,28
0.4,0.5,0.5,1.095182534,0.038233052,0.853147835,0.012486151,29
0.4,0.5,0.5,1.095856382,0.037861019,0.843672411,0.012233137,30
0.4,0.5,0.5,1.090919687,0.038001765,0.857053154,0.013024892,31
0.4,0.5,0.5,1.089613272,0.037052354,0.851755167,0.010895596,32
0.4,0.5,0.5,1.08916404,0.037560303,0.852931284,0.013014657,33
0.4,0.5,0.5,1.083678554,0.035720455,0.856447849,0.00996431,34
0.4,0.5,0.5,1.08307027,0.035516246,0.84824405,0.015350584,35
0.4,0.5,0.5,1.098877163,0.038507059,0.836863562,0.013719689,36
0.4,0.5,0.5,1.102177197,0.038946732,0.842842022,0.014345717,37
0.4,0.5,0.5,1.084646224,0.036042389,0.857293888,0.011521,38
0.4,0.5,0.5,1.091100594,0.038051298,0.852966344,0.013117596,39
0.4,0.5,0.5,1.094038814,0.037491526,0.850037443,0.011073457,40
0.4,0.5,0.5,1.077662488,0.035808012,0.855184692,0.013286706,41
0.4,0.5,0.5,1.080949166,0.035507505,0.856576635,0.012386893,42
0.4,0.5,0.5,1.097019528,0.038500326,0.839827722,0.014188248,43
0.4,0.5,0.5,1.106820069,0.039216232,0.820953352,0.011713827,44
0.4,0.5,0.5,1.08316133,0.036097629,0.851861169,0.013668664,45
0.4,0.5,0.5,1.089863385,0.037577622,0.855988686,0.011795541,46
0.4,0.5,0.5,1.081735929,0.036394044,0.853075592,0.014120511,47
0.4,0.5,0.5,1.078824421,0.035698853,0.857907612,0.011804363,48
0.4,0.5,0.5,1.086231891,0.03607612,0.84588001,0.01148817,49
0.4,0.5,0.5,1.077392949,0.034642143,0.857595787,0.011944551,50
0.4,0.5,1,1.144094178,0.046350907,0.823938903,0.012991926,1
0.4,0.5,1,1.147854371,0.046695977,0.81473939,0.016469377,2
0.4,0.5,1,1.1523904,0.049028273,0.834703204,0.013297535,3
0.4,0.5,1,1.143353553,0.047123188,0.82983995,0.013501826,4
0.4,0.5,1,1.14550501,0.046584377,0.824269088,0.012898056,5
0.4,0.5,1,1.159097311,0.048774697,0.786557916,0.018395838,6
0.4,0.5,1,1.138872161,0.045649215,0.828386265,0.012138003,7
0.4,0.5,1,1.122044175,0.043701243,0.842177867,0.015500937,8
0.4,0.5,1,1.141538413,0.04617655,0.825863755,0.016985215,9
0.4,0.5,1,1.145123769,0.04655084,0.813389657,0.019835669,10
0.4,0.5,1,1.149545669,0.047823878,0.820264221,0.015033653,11
0.4,0.5,1,1.148976237,0.047195469,0.817110732,0.011994225,12
0.4,0.5,1,1.150754952,0.048343809,0.816509286,0.018328706,13
0.4,0.5,1,1.134372557,0.044832674,0.826222277,0.019079248,14
0.4,0.5,1,1.146976548,0.047820563,0.825913384,0.012257368,15
0.4,0.5,1,1.131813149,0.045349381,0.838418411,0.012915621,16
0.4,0.5,1,1.144026187,0.047661575,0.8311617,0.012331849,17
0.4,0.5,1,1.145623995,0.046736937,0.827939347,0.011772236,18
0.4,0.5,1,1.133726634,0.045542367,0.829652369,0.014303268,19
0.4,0.5,1,1.152154856,0.04703728,0.818871635,0.013066136,20
0.4,0.5,1,1.143527175,0.047678964,0.835575233,0.011257184,21
0.4,0.5,1,1.153090959,0.047729827,0.825262007,0.012244547,22
0.4,0.5,1,1.16226986,0.048520063,0.803938431,0.014678317,23
0.4,0.5,1,1.145492868,0.046958002,0.826640995,0.013189452,24
0.4,0.5,1,1.14751684,0.048131063,0.833643863,0.013005963,25
0.4,0.5,1,1.151687412,0.047374014,0.827887364,0.012203482,26
0.4,0.5,1,1.144373431,0.046209298,0.832549418,0.015074197,27
0.4,0.5,1,1.142508511,0.047335468,0.820839123,0.016960403,28
0.4,0.5,1,1.164390963,0.049581056,0.810571215,0.011676842,29
0.4,0.5,1,1.133840763,0.04459967,0.824287443,0.013300415,30
0.4,0.5,1,1.17127271,0.049565041,0.796314737,0.010827063,31
0.4,0.5,1,1.168996197,0.050075245,0.79304447,0.011746167,32
0.4,0.5,1,1.155603015,0.048079081,0.827720782,0.010955218,33
0.4,0.5,1,1.142688204,0.046696435,0.829149514,0.013102795,34
0.4,0.5,1,1.154144832,0.047387589,0.806603421,0.019086803,35
0.4,0.5,1,1.151399661,0.04763631,0.824940354,0.012109757,36
0.4,0.5,1,1.134230502,0.046544797,0.835936348,0.015407309,37
0.4,0.5,1,1.140359483,0.046405788,0.83430285,0.014103023,38
0.4,0.5,1,1.150920076,0.047682947,0.817379557,0.017295972,39
0.4,0.5,1,1.149237277,0.04656114,0.817298295,0.013738898,40
0.4,0.5,1,1.154051344,0.04839794,0.826071039,0.011381668,41
0.4,0.5,1,1.147175667,0.047537892,0.823012095,0.014052502,42
0.4,0.5,1,1.146479964,0.04650575,0.835386325,0.012217649,43
0.4,0.5,1,1.146623233,0.04718944,0.828358461,0.011119222,44
0.4,0.5,1,1.132250239,0.044746341,0.827274448,0.013805359,45
0.4,0.5,1,1.13923276,0.046162048,0.824839754,0.013157789,46
0.4,0.5,1,1.14288368,0.046323586,0.821133946,0.015132315,47
0.4,0.5,1,1.130302758,0.045228269,0.840790103,0.012673223,48
0.4,0.5,1,1.145656777,0.046570212,0.821842299,0.013021615,49
0.4,0.5,1,1.137112871,0.045932142,0.836263621,0.011707743,50
0.4,1,0,1,0.015109085,0.892949579,0.009714293,1
0.4,1,0,1,0.015109085,0.893231273,0.009714343,2
0.4,1,0,1,0.015109085,0.892804374,0.009761743,3
0.4,1,0,1,0.015109085,0.894298607,0.009715546,4
0.4,1,0,1,0.015109085,0.893898122,0.009737458,5
0.4,1,0,1,0.015109085,0.893618457,0.009750208,6
0.4,1,0,1,0.015109085,0.89347063,0.009721217,7
0.4,1,0,1,0.015109085,0.894490286,0.009773409,8
0.4,1,0,1,0.015109085,0.893292594,0.009779704,9
0.4,1,0,1,0.015109085,0.893699869,0.009757731,10
0.4,1,0,1,0.015109085,0.892943107,0.009719048,11
0.4,1,0,1,0.015109085,0.892001555,0.009709306,12
0.4,1,0,1,0.015109085,0.893108318,0.00978075,13
0.4,1,0,1,0.015109085,0.893665399,0.009734454,14
0.4,1,0,1,0.015109085,0.893724759,0.009769039,15
0.4,1,0,1,0.015109085,0.89450923,0.009749575,16
0.4,1,0,1,0.015109085,0.892734916,0.009775339,17
0.4,1,0,1,0.015109085,0.893031456,0.009719604,18
0.4,1,0,1,0.015109085,0.894363689,0.00974272,19
0.4,1,0,1,0.015109085,0.893691342,0.009729277,20
0.4,1,0,1,0.015109085,0.893494565,0.009740789,21
0.4,1,0,1,0.015109085,0.893262778,0.009735141,22
0.4,1,0,1,0.015109085,0.893724538,0.009724557,23
0.4,1,0,1,0.015109085,0.89399832,0.00979333,24
0.4,1,0,1,0.015109085,0.89396435,0.009740043,25
0.4,1,0,1,0.015109085,0.893325842,0.009727416,26
0.4,1,0,1,0.015109085,0.892517456,0.009688716,27
0.4,1,0,1,0.015109085,0.893647392,0.009782171,28
0.4,1,0,1,0.015109085,0.893844957,0.009762983,29
0.4,1,0,1,0.015109085,0.893958195,0.009719729,30
0.4,1,0,1,0.015109085,0.894349067,0.009750703,31
0.4,1,0,1,0.015109085,0.892838006,0.009733762,32
0.4,1,0,1,0.015109085,0.894273275,0.009696965,33
0.4,1,0,1,0.015109085,0.893927493,0.009758349,34
0.4,1,0,1,0.015109085,0.894188211,0.009699274,35
0.4,1,0,1,0.015109085,0.894858778,0.009776707,36
0.4,1,0,1,0.015109085,0.894310716,0.009804871,37
0.4,1,0,1,0.015109085,0.89265277,0.009725,38
0.4,1,0,1,0.015109085,0.89350617,0.009700347,39
0.4,1,0,1,0.015109085,0.894393943,0.0097241,40
0.4,1,0,1,0.015109085,0.893431789,0.009705991,41
0.4,1,0,1,0.015109085,0.893210071,0.009760108,42
0.4,1,0,1,0.015109085,0.89415372,0.009731915,43
0.4,1,0,1,0.015109085,0.894326387,0.009726468,44
0.4,1,0,1,0.015109085,0.894441236,0.009661805,45
0.4,1,0,1,0.015109085,0.893846716,0.009746944,46
0.4,1,0,1,0.015109085,0.894243161,0.009809444,47
0.4,1,0,1,0.015109085,0.894148118,0.009763931,48
0.4,1,0,1,0.015109085,0.893495988,0.009732318,49
0.4,1,0,1,0.015109085,0.893436274,0.009730654,50
0.4,1,0.5,1.030772388,0.025041643,0.862319705,0.012029864,1
0.4,1,0.5,1.045763379,0.028592789,0.846992355,0.013951292,2
0.4,1,0.5,1.034202334,0.02598068,0.858287322,0.013200442,3
0.4,1,0.5,1.044889198,0.028370405,0.847464383,0.012053469,4
0.4,1,0.5,1.038547742,0.027112056,0.858687754,0.01177732,5
0.4,1,0.5,1.021271739,0.023349205,0.869260932,0.012822909,6
0.4,1,0.5,1.024983366,0.02338603,0.868619473,0.011027365,7
0.4,1,0.5,1.03406028,0.025401883,0.858244629,0.012342374,8
0.4,1,0.5,1.03947656,0.027371504,0.851930514,0.01312038,9
0.4,1,0.5,1.032789075,0.025244301,0.858450103,0.011381768,10
0.4,1,0.5,1.043397019,0.028244536,0.850317838,0.012088844,11
0.4,1,0.5,1.039707246,0.0275802,0.850500186,0.013265189,12
0.4,1,0.5,1.042967213,0.027634196,0.848461459,0.011595463,13
0.4,1,0.5,1.033654757,0.025483621,0.858808806,0.011114397,14
0.4,1,0.5,1.037525436,0.02683598,0.857575568,0.01239407,15
0.4,1,0.5,1.034297037,0.025697156,0.858875164,0.011172197,16
0.4,1,0.5,1.026722015,0.023556107,0.868817704,0.010500739,17
0.4,1,0.5,1.030602408,0.025431609,0.860910357,0.012926847,18
0.4,1,0.5,1.018644339,0.021355852,0.871564858,0.010403128,19
0.4,1,0.5,1.031304181,0.025166217,0.862089874,0.011139643,20
0.4,1,0.5,1.037017926,0.027245138,0.855156862,0.014248995,21
0.4,1,0.5,1.044697363,0.02784801,0.844061478,0.01184828,22
0.4,1,0.5,1.036296726,0.026457499,0.858769516,0.012230619,23
0.4,1,0.5,1.033256519,0.027013908,0.857911212,0.015646655,24
0.4,1,0.5,1.031081993,0.024763693,0.862541635,0.012754149,25
0.4,1,0.5,1.030173816,0.024463233,0.863329775,0.010343458,26
0.4,1,0.5,1.036170456,0.026237468,0.856078568,0.011774833,27
0.4,1,0.5,1.039208235,0.026948582,0.855920907,0.012297803,28
0.4,1,0.5,1.045305648,0.028093796,0.854079483,0.011075921,29
0.4,1,0.5,1.03337429,0.02589008,0.859330544,0.012104179,30
0.4,1,0.5,1.042895579,0.028650733,0.8505343,0.013957489,31
0.4,1,0.5,1.030302515,0.024846088,0.860270337,0.012569446,32
0.4,1,0.5,1.037320247,0.027990024,0.849858914,0.01495211,33
0.4,1,0.5,1.037428305,0.026986143,0.850949964,0.013457839,34
0.4,1,0.5,1.027705469,0.025233635,0.863521528,0.013708684,35
0.4,1,0.5,1.038809997,0.02754019,0.854264141,0.013029856,36
0.4,1,0.5,1.029699087,0.025570217,0.862853439,0.013383192,37
0.4,1,0.5,1.033880587,0.026223907,0.855729104,0.012844398,38
0.4,1,0.5,1.037162408,0.026420274,0.855761287,0.011723193,39
0.4,1,0.5,1.026605458,0.024616727,0.86376185,0.012459824,40
0.4,1,0.5,1.025558869,0.023473154,0.867209805,0.011060927,41
0.4,1,0.5,1.040310674,0.026480724,0.851551994,0.0105273,42
0.4,1,0.5,1.035004881,0.02542301,0.858373468,0.010608603,43
0.4,1,0.5,1.039434065,0.027674379,0.855672804,0.014027401,44
0.4,1,0.5,1.051475909,0.029589451,0.842605358,0.011843906,45
0.4,1,0.5,1.031754627,0.026314429,0.859363201,0.014341986,46
0.4,1,0.5,1.033421642,0.02579714,0.856071283,0.012978535,47
0.4,1,0.5,1.031323607,0.025678365,0.860896559,0.01235635,48
0.4,1,0.5,1.02534518,0.024094544,0.864985191,0.012164996,49
0.4,1,0.5,1.046004993,0.028730339,0.847852471,0.013158974,50
0.4,1,1,1.108885322,0.039862624,0.793160914,0.021903162,1
0.4,1,1,1.079801804,0.035351181,0.83389111,0.017175403,2
0.4,1,1,1.09482072,0.038862124,0.825103226,0.017145052,3
0.4,1,1,1.096952751,0.038439857,0.821896014,0.013504971,4
0.4,1,1,1.098458285,0.038776268,0.823500866,0.017775142,5
0.4,1,1,1.097960487,0.038022033,0.818697446,0.012419623,6
0.4,1,1,1.089879169,0.03764174,0.825440525,0.016375479,7
0.4,1,1,1.101935583,0.039113729,0.812398959,0.01326789,8
0.4,1,1,1.092096189,0.037560495,0.820689128,0.018178349,9
0.4,1,1,1.087858839,0.036949195,0.816647717,0.01574751,10
0.4,1,1,1.099837548,0.038629606,0.815848263,0.012269449,11
0.4,1,1,1.115079866,0.041404959,0.7836943,0.01920495,12
0.4,1,1,1.112717149,0.041075678,0.794661883,0.018502185,13
0.4,1,1,1.09775894,0.03835051,0.815944111,0.012364527,14
0.4,1,1,1.09643067,0.038411375,0.812682939,0.020347293,15
0.4,1,1,1.099491518,0.039077621,0.816590029,0.017443063,16
0.4,1,1,1.094350848,0.038577657,0.820112018,0.015559767,17
0.4,1,1,1.098960939,0.038830737,0.811234968,0.013968326,18
0.4,1,1,1.093062645,0.0375821,0.82300238,0.011901643,19
0.4,1,1,1.094186939,0.038137416,0.814567956,0.017011325,20
0.4,1,1,1.106514106,0.039694807,0.795876979,0.015134057,21
0.4,1,1,1.1025038,0.039310123,0.793932882,0.017648902,22
0.4,1,1,1.10027221,0.038960238,0.821180956,0.013918253,23
0.4,1,1,1.104401502,0.038675718,0.810725392,0.018953878,24
0.4,1,1,1.091900712,0.037491924,0.826588738,0.01717703,25
0.4,1,1,1.10881733,0.040303177,0.789212334,0.019298886,26
0.4,1,1,1.100490756,0.039070673,0.809819411,0.016281487,27
0.4,1,1,1.083718621,0.037278016,0.825552446,0.01488578,28
0.4,1,1,1.089393513,0.036660967,0.822140723,0.014104185,29
0.4,1,1,1.101641761,0.038763897,0.808254834,0.013802636,30
0.4,1,1,1.084243129,0.036901415,0.818597225,0.015126789,31
0.4,1,1,1.083168615,0.036592059,0.826497619,0.017162116,32
0.4,1,1,1.090398821,0.037167405,0.824564542,0.018105855,33
0.4,1,1,1.111742194,0.040995664,0.781823979,0.026071233,34
0.4,1,1,1.102322893,0.039327175,0.808050481,0.017468897,35
0.4,1,1,1.096502304,0.038862898,0.821874828,0.014570824,36
0.4,1,1,1.100331703,0.039594828,0.815421117,0.014549511,37
0.4,1,1,1.089587775,0.037598264,0.828843245,0.013414299,38
0.4,1,1,1.108780906,0.040507729,0.792370059,0.014832204,39
0.4,1,1,1.09453054,0.037984812,0.827205158,0.012618115,40
0.4,1,1,1.095523707,0.037855079,0.824435049,0.012967747,41
0.4,1,1,1.096854405,0.038491683,0.810139141,0.019307228,42
0.4,1,1,1.095243241,0.038099528,0.826101917,0.01221355,43
0.4,1,1,1.103000384,0.039112489,0.817020769,0.0148037,44
0.4,1,1,1.090054005,0.037321293,0.811005629,0.020659374,45
0.4,1,1,1.09615506,0.037903631,0.821387275,0.013134294,46
0.4,1,1,1.098860165,0.038777873,0.808010683,0.016556247,47
0.4,1,1,1.085449985,0.037442249,0.823501983,0.020485039,48
0.4,1,1,1.105138485,0.040029632,0.816070755,0.01057301,49
0.4,1,1,1.094230648,0.03851632,0.819882303,0.015088939,50
2,0.1,0,1.044863127,0.018581638,0.88455588,0.010562788,1
2,0.1,0,1.043689571,0.018563628,0.885773179,0.010568875,2
2,0.1,0,1.044534223,0.01853183,0.885077312,0.010765874,3
2,0.1,0,1.044164627,0.018441906,0.884596434,0.01051163,4
2,0.1,0,1.041646321,0.018179611,0.888044032,0.010506732,5
2,0.1,0,1.04408204,0.01858958,0.885017541,0.01051983,6
2,0.1,0,1.043274949,0.018614992,0.885556788,0.010486745,7
2,0.1,0,1.043683069,0.018447822,0.886574992,0.010643794,8
2,0.1,0,1.043335866,0.018415493,0.885495963,0.010514856,9
2,0.1,0,1.043589647,0.018404874,0.885239254,0.010594786,10
2,0.1,0,1.043243889,0.018523412,0.885685808,0.010527553,11
2,0.1,0,1.043025262,0.018454217,0.885614888,0.010491898,12
2,0.1,0,1.043631302,0.018426953,0.886110044,0.010560056,13
2,0.1,0,1.043450236,0.018496134,0.886125795,0.010493156,14
2,0.1,0,1.043391727,0.018502171,0.886091587,0.010496217,15
2,0.1,0,1.043762767,0.018509286,0.885710809,0.010591862,16
2,0.1,0,1.043139391,0.01857324,0.886698617,0.01062451,17
2,0.1,0,1.042767387,0.01832343,0.885953,0.010428315,18
2,0.1,0,1.044260939,0.018599719,0.885460121,0.010562812,19
2,0.1,0,1.043480815,0.018439768,0.886008856,0.01048398,20
2,0.1,0,1.0432227,0.018432169,0.885295191,0.010585782,21
2,0.1,0,1.043678495,0.018347636,0.885115134,0.010538968,22
2,0.1,0,1.043369816,0.01842614,0.885732105,0.010554952,23
2,0.1,0,1.042995646,0.018370534,0.886270995,0.010452346,24
2,0.1,0,1.04315769,0.018319938,0.885719513,0.010492525,25
2,0.1,0,1.042921004,0.018342534,0.886344083,0.0105845,26
2,0.1,0,1.043048617,0.018432284,0.887187836,0.010542553,27
2,0.1,0,1.043482741,0.018466613,0.885658263,0.010541644,28
2,0.1,0,1.044611031,0.018438053,0.884402989,0.010615812,29
2,0.1,0,1.043456497,0.018483398,0.885698118,0.010524618,30
2,0.1,0,1.043233054,0.018412215,0.885923349,0.010617945,31
2,0.1,0,1.042751014,0.018286635,0.886580563,0.010480327,32
2,0.1,0,1.04388412,0.018463798,0.885256915,0.01055293,33
2,0.1,0,1.043187787,0.018623559,0.885895836,0.010567166,34
2,0.1,0,1.043624801,0.018476975,0.885186612,0.010499334,35
2,0.1,0,1.043392209,0.018623054,0.886213551,0.010405754,36
2,0.1,0,1.043346701,0.018472676,0.885963516,0.010534599,37
2,0.1,0,1.043023335,0.018454276,0.886542512,0.010564925,38
2,0.1,0,1.043845595,0.018529544,0.884911366,0.010463897,39
2,0.1,0,1.043698239,0.01846048,0.885876532,0.010496727,40
2,0.1,0,1.043364519,0.018595619,0.886285097,0.010498217,41
2,0.1,0,1.044445375,0.018426454,0.884436528,0.010436901,42
2,0.1,0,1.044081799,0.018625139,0.884663716,0.010475533,43
2,0.1,0,1.043221496,0.018487951,0.885783409,0.010466175,44
2,0.1,0,1.043737967,0.01852332,0.884622897,0.01040616,45
2,0.1,0,1.043171896,0.018411812,0.886510718,0.010530732,46
2,0.1,0,1.043498874,0.018390757,0.885999478,0.010462275,47
2,0.1,0,1.043140595,0.018481965,0.886708488,0.010476938,48
2,0.1,0,1.043660195,0.018492519,0.885223168,0.010592773,49
2,0.1,0,1.043905549,0.018414253,0.885054181,0.010539133,50
2,0.1,0.5,1.162681054,0.03474975,0.845898802,0.016322786,1
2,0.1,0.5,1.163008754,0.031159781,0.848255203,0.014669883,2
2,0.1,0.5,1.160037061,0.033885362,0.845732734,0.015628395,3
2,0.1,0.5,1.151515414,0.033220732,0.841544714,0.015704018,4
2,0.1,0.5,1.160431457,0.036831704,0.843457735,0.016493516,5
2,0.1,0.5,1.161469695,0.034318286,0.84234164,0.015917409,6
2,0.1,0.5,1.156935829,0.033764648,0.841493757,0.015699032,7
2,0.1,0.5,1.169005834,0.036207458,0.838605554,0.01663642,8
2,0.1,0.5,1.159976866,0.034862711,0.843271037,0.01659565,9
2,0.1,0.5,1.152592418,0.033140034,0.843372369,0.016329253,10
2,0.1,0.5,1.16382981,0.034426907,0.840338911,0.015324268,11
2,0.1,0.5,1.167585479,0.033226461,0.845519079,0.015890347,12
2,0.1,0.5,1.151162432,0.033211539,0.842652824,0.015748209,13
2,0.1,0.5,1.162652401,0.032681361,0.844134425,0.015108951,14
2,0.1,0.5,1.159717306,0.035783548,0.841947866,0.016254475,15
2,0.1,0.5,1.159219376,0.033980718,0.84601606,0.015526867,16
2,0.1,0.5,1.16779303,0.031403415,0.845211858,0.014723414,17
2,0.1,0.5,1.166943562,0.032998308,0.84616734,0.014325361,18
2,0.1,0.5,1.171372209,0.031573412,0.850657983,0.01405928,19
2,0.1,0.5,1.16039847,0.034619275,0.844664027,0.015978992,20
2,0.1,0.5,1.167181211,0.032879878,0.846407397,0.015857611,21
2,0.1,0.5,1.177922839,0.032293404,0.844758625,0.014250488,22
2,0.1,0.5,1.153564443,0.034496642,0.842293129,0.01636594,23
2,0.1,0.5,1.165848018,0.031922534,0.844600185,0.014790997,24
2,0.1,0.5,1.16000913,0.034368676,0.844153219,0.015612188,25
2,0.1,0.5,1.165936866,0.031743711,0.846385682,0.014304787,26
2,0.1,0.5,1.16574352,0.03427992,0.844015009,0.016611073,27
2,0.1,0.5,1.157843806,0.033785051,0.844992392,0.015679131,28
2,0.1,0.5,1.15903831,0.035169168,0.839526092,0.016479396,29
2,0.1,0.5,1.159853587,0.033362483,0.843725132,0.015545893,30
2,0.1,0.5,1.162398138,0.03093822,0.84938809,0.013778584,31
2,0.1,0.5,1.166727102,0.033645739,0.845028492,0.01623266,32
2,0.1,0.5,1.172379387,0.034392647,0.84769321,0.01528,33
2,0.1,0.5,1.160388116,0.032078215,0.845265055,0.015472437,34
2,0.1,0.5,1.158559882,0.031161743,0.84536322,0.014816921,35
2,0.1,0.5,1.163197765,0.036531619,0.844725543,0.016406258,36
2,0.1,0.5,1.171329109,0.032834481,0.845658237,0.014465057,37
2,0.1,0.5,1.161684229,0.031381798,0.843956104,0.013795762,38
2,0.1,0.5,1.158677142,0.034058447,0.842649803,0.015986333,39
2,0.1,0.5,1.159527332,0.032050881,0.845549429,0.015210426,40
2,0.1,0.5,1.1512638,0.033544129,0.839887744,0.015987154,41
2,0.1,0.5,1.153389637,0.031271158,0.844114781,0.014615246,42
2,0.1,0.5,1.15782358,0.033158927,0.844348859,0.015543947,43
2,0.1,0.5,1.170812157,0.032711342,0.847074747,0.014460259,44
2,0.1,0.5,1.166693152,0.034451509,0.845532806,0.015263388,45
2,0.1,0.5,1.163915768,0.030903293,0.843924732,0.014750794,46
2,0.1,0.5,1.166981365,0.032970916,0.846272376,0.015141716,47
2,0.1,0.5,1.162153026,0.032140052,0.846013413,0.014774974,48
2,0.1,0.5,1.16637388,0.031719205,0.846686409,0.014409902,49
2,0.1,0.5,1.161557098,0.031119727,0.850533642,0.014613703,50
2,0.1,1,1.208630334,0.038358691,0.83077145,0.017798104,1
2,0.1,1,1.205332626,0.034795661,0.83245424,0.017632048,2
2,0.1,1,1.205958892,0.040267336,0.829048608,0.017256962,3
2,0.1,1,1.21969292,0.03127026,0.83394865,0.014626502,4
2,0.1,1,1.204401775,0.034867462,0.829929525,0.016868619,5
2,0.1,1,1.221508152,0.033137926,0.832957119,0.014678128,6
2,0.1,1,1.198799332,0.035681888,0.826742595,0.0179647,7
2,0.1,1,1.217459937,0.032122247,0.836431565,0.016470424,8
2,0.1,1,1.220841676,0.033614409,0.830664213,0.015199321,9
2,0.1,1,1.20510822,0.035430618,0.825262254,0.016189367,10
2,0.1,1,1.221783603,0.035327122,0.831789953,0.017602991,11
2,0.1,1,1.210168189,0.033149286,0.837476929,0.016848707,12
2,0.1,1,1.219321158,0.032948987,0.835252794,0.014799578,13
2,0.1,1,1.203052691,0.033310643,0.829377699,0.016186086,14
2,0.1,1,1.212751265,0.034789212,0.830527549,0.016290372,15
2,0.1,1,1.220655554,0.031893363,0.835389885,0.014263762,16
2,0.1,1,1.233871667,0.031587468,0.83607703,0.013027126,17
2,0.1,1,1.22268532,0.032806297,0.833825455,0.015240246,18
2,0.1,1,1.221169376,0.031922843,0.835324161,0.015533892,19
2,0.1,1,1.214593946,0.03115098,0.830198346,0.014774549,20
2,0.1,1,1.214872768,0.033702941,0.832253104,0.015781016,21
2,0.1,1,1.223016873,0.032054221,0.835588066,0.015843116,22
2,0.1,1,1.219030056,0.035185437,0.832895966,0.016755839,23
2,0.1,1,1.202880053,0.033380501,0.834156912,0.016892841,24
2,0.1,1,1.21483015,0.034515777,0.836691679,0.01663475,25
2,0.1,1,1.216628287,0.032053942,0.835528509,0.015918174,26
2,0.1,1,1.214273469,0.03475378,0.837613254,0.016062344,27
2,0.1,1,1.220209391,0.034133738,0.829250502,0.014299091,28
2,0.1,1,1.212567551,0.032469766,0.831781331,0.016026075,29
2,0.1,1,1.197099915,0.034557012,0.832125225,0.015210468,30
2,0.1,1,1.193018712,0.037908041,0.827855158,0.018490646,31
2,0.1,1,1.212544195,0.038515275,0.829263803,0.017757912,32
2,0.1,1,1.22272842,0.034136288,0.831866804,0.01446335,33
2,0.1,1,1.21406664,0.036675859,0.828227141,0.015024367,34
2,0.1,1,1.210810587,0.03340516,0.835622159,0.015404489,35
2,0.1,1,1.213220784,0.031055029,0.834000579,0.015152855,36
2,0.1,1,1.215383219,0.031093223,0.840892351,0.015351483,37
2,0.1,1,1.221094976,0.032152438,0.830606658,0.016000432,38
2,0.1,1,1.221862579,0.031142896,0.837576398,0.013732549,39
2,0.1,1,1.210231273,0.034043003,0.831819799,0.014885534,40
2,0.1,1,1.216723876,0.031567368,0.836594115,0.015270014,41
2,0.1,1,1.205267135,0.032676937,0.829326833,0.015258095,42
2,0.1,1,1.205727985,0.037103709,0.833337341,0.016965806,43
2,0.1,1,1.208448305,0.034204817,0.823651993,0.01659153,44
2,0.1,1,1.207028191,0.036343392,0.826019637,0.017947885,45
2,0.1,1,1.211482119,0.038443778,0.829786427,0.016067183,46
2,0.1,1,1.21810089,0.031613566,0.834003215,0.015316158,47
2,0.1,1,1.211233154,0.034641393,0.833172231,0.016442744,48
2,0.1,1,1.207009651,0.034684213,0.830163957,0.016437394,49
2,0.1,1,1.215760279,0.034830044,0.829315597,0.016624187,50
2,0.5,0,1.000079698,0.015114472,0.884883937,0.010516986,1
2,0.5,0,1.000076808,0.015114453,0.884367685,0.010482162,2
2,0.5,0,1.000066214,0.015113663,0.885273302,0.01045809,3
2,0.5,0,1.00008042,0.01511472,0.885965929,0.010435834,4
2,0.5,0,1.000076086,0.015114507,0.885530773,0.01052698,5
2,0.5,0,1.000071511,0.015113942,0.884794776,0.010497436,6
2,0.5,0,1.000062362,0.015113411,0.885913527,0.010466852,7
2,0.5,0,1.000063566,0.015113557,0.886136601,0.010500663,8
2,0.5,0,1.000063806,0.015113505,0.884882095,0.010385043,9
2,0.5,0,1.000069826,0.015113966,0.88502901,0.010487895,10
2,0.5,0,1.000060917,0.015113282,0.885549251,0.010397527,11
2,0.5,0,1.000071511,0.015114009,0.884874535,0.010433034,12
2,0.5,0,1.000081865,0.015114914,0.884794964,0.010445004,13
2,0.5,0,1.00006188,0.015113413,0.885711482,0.010411751,14
2,0.5,0,1.000070067,0.015114016,0.885141201,0.010426115,15
2,0.5,0,1.000075845,0.015114391,0.885126204,0.010473365,16
2,0.5,0,1.000076086,0.015114407,0.884184099,0.010443463,17
2,0.5,0,1.000073919,0.015114401,0.885871574,0.010460209,18
2,0.5,0,1.00007416,0.015114282,0.885132776,0.010375309,19
2,0.5,0,1.000071993,0.015114175,0.886001255,0.010499527,20
2,0.5,0,1.000059713,0.015113203,0.886770352,0.010475412,21
2,0.5,0,1.000072715,0.015114188,0.88471289,0.010423978,22
2,0.5,0,1.000072234,0.015114089,0.884644961,0.010372998,23
2,0.5,0,1.000082106,0.015114762,0.885116667,0.010483278,24
2,0.5,0,1.000076327,0.015114422,0.885842847,0.010507344,25
2,0.5,0,1.000070548,0.015114081,0.886040876,0.010455927,26
2,0.5,0,1.000068863,0.015113937,0.885237727,0.010404649,27
2,0.5,0,1.000061639,0.01511343,0.8861308,0.010411256,28
2,0.5,0,1.000081865,0.015114813,0.884023147,0.010420633,29
2,0.5,0,1.00006814,0.015129814,0.884661902,0.010423443,30
2,0.5,0,1.000081383,0.015114749,0.883854373,0.010473754,31
2,0.5,0,1.00008668,0.015115123,0.884658039,0.010523889,32
2,0.5,0,1.000068381,0.015113838,0.885245459,0.010400216,33
2,0.5,0,1.000072234,0.01511419,0.885422878,0.010403528,34
2,0.5,0,1.000061639,0.015113363,0.885350865,0.010388692,35
2,0.5,0,1.000074401,0.015114331,0.885062306,0.010492308,36
2,0.5,0,1.000072956,0.015114204,0.886050746,0.010503786,37
2,0.5,0,1.000078494,0.015114428,0.885329519,0.010537361,38
2,0.5,0,1.000068622,0.015113888,0.88505089,0.01046475,39
2,0.5,0,1.000084513,0.01511495,0.884742959,0.010548479,40
2,0.5,0,1.000079457,0.015114692,0.884926669,0.010481459,41
2,0.5,0,1.000069104,0.015113818,0.885612092,0.010503445,42
2,0.5,0,1.000066214,0.015113798,0.885712749,0.010411989,43
2,0.5,0,1.000073438,0.015114268,0.885333092,0.010547005,44
2,0.5,0,1.000080902,0.015114785,0.886138752,0.010484641,45
2,0.5,0,1.000065733,0.015113732,0.885914962,0.010488752,46
2,0.5,0,1.00007103,0.015114179,0.885100281,0.010329477,47
2,0.5,0,1.000065733,0.015113665,0.886086135,0.010408007,48
2,0.5,0,1.000072474,0.015114105,0.885269531,0.010463969,49
2,0.5,0,1.000079939,0.015114588,0.88517278,0.01041319,50
2,0.5,0.5,1.090875491,0.021838392,0.819222955,0.016287803,1
2,0.5,0.5,1.090811685,0.022000386,0.810520014,0.018184374,2
2,0.5,0.5,1.088186473,0.021703235,0.821404336,0.018895695,3
2,0.5,0.5,1.093043224,0.021710117,0.814539121,0.016843486,4
2,0.5,0.5,1.090739933,0.021741931,0.815302659,0.020092724,5
2,0.5,0.5,1.089642463,0.021897238,0.810334239,0.018720475,6
2,0.5,0.5,1.086342347,0.021552508,0.814097995,0.018706568,7
2,0.5,0.5,1.089249993,0.021748783,0.818886002,0.017304902,8
2,0.5,0.5,1.085842731,0.021678644,0.816957916,0.016315944,9
2,0.5,0.5,1.089037626,0.021641632,0.81349729,0.017292943,10
2,0.5,0.5,1.087700822,0.021621169,0.817856151,0.01890567,11
2,0.5,0.5,1.091853776,0.022012147,0.811265411,0.018635062,12
2,0.5,0.5,1.087545519,0.02153704,0.816919656,0.016496595,13
2,0.5,0.5,1.089373031,0.021747008,0.812886867,0.017653438,14
2,0.5,0.5,1.093415709,0.021995262,0.816282099,0.01710807,15
2,0.5,0.5,1.086767322,0.021583338,0.815245077,0.018457316,16
2,0.5,0.5,1.091088821,0.022106501,0.812323094,0.01907925,17
2,0.5,0.5,1.091237623,0.021778947,0.814309898,0.01723581,18
2,0.5,0.5,1.091519816,0.022140806,0.808280102,0.01811825,19
2,0.5,0.5,1.094176329,0.022061072,0.807491124,0.018886519,20
2,0.5,0.5,1.092902368,0.022364617,0.811634262,0.018624387,21
2,0.5,0.5,1.092188218,0.021805915,0.81049529,0.016427195,22
2,0.5,0.5,1.091860036,0.021674792,0.814657315,0.015583248,23
2,0.5,0.5,1.089214599,0.021868914,0.813434861,0.018703203,24
2,0.5,0.5,1.090418011,0.022015508,0.816594641,0.018247506,25
2,0.5,0.5,1.091447823,0.021803815,0.814320643,0.018264054,26
2,0.5,0.5,1.090333498,0.021870847,0.811679752,0.018253582,27
2,0.5,0.5,1.088950464,0.021753302,0.811058232,0.018288159,28
2,0.5,0.5,1.088958169,0.021881901,0.816302931,0.018388237,29
2,0.5,0.5,1.090437996,0.022048341,0.813988303,0.018634223,30
2,0.5,0.5,1.088587129,0.021634709,0.813372208,0.016459185,31
2,0.5,0.5,1.088350925,0.021704457,0.814473298,0.014846614,32
2,0.5,0.5,1.089635721,0.021833452,0.817798649,0.017163239,33
2,0.5,0.5,1.094224485,0.022111511,0.81097806,0.017198907,34
2,0.5,0.5,1.094576022,0.022338684,0.81131371,0.018730171,35
2,0.5,0.5,1.092701799,0.021938119,0.807994465,0.018724796,36
2,0.5,0.5,1.093382481,0.022022625,0.814001428,0.016652809,37
2,0.5,0.5,1.089893595,0.02194009,0.817598733,0.017283759,38
2,0.5,0.5,1.088175397,0.021595988,0.815119916,0.018093971,39
2,0.5,0.5,1.091978018,0.021931865,0.812141902,0.019651627,40
2,0.5,0.5,1.086900232,0.021832419,0.817400932,0.018535567,41
2,0.5,0.5,1.092041102,0.022058612,0.810592452,0.019558297,42
2,0.5,0.5,1.091850646,0.022004887,0.809633728,0.016630513,43
2,0.5,0.5,1.091315394,0.021883453,0.817663687,0.018045188,44
2,0.5,0.5,1.088161913,0.02215224,0.813043386,0.020914352,45
2,0.5,0.5,1.092336538,0.022192972,0.813333617,0.017547637,46
2,0.5,0.5,1.089501607,0.021656224,0.812623599,0.016875214,47
2,0.5,0.5,1.095555511,0.022419662,0.813781231,0.018320856,48
2,0.5,0.5,1.090623396,0.021678464,0.815784228,0.019051655,49
2,0.5,0.5,1.089537001,0.022002476,0.813435982,0.01808418,50
2,0.5,1,1.124834224,0.026451963,0.769577238,0.027043267,1
2,0.5,1,1.132199168,0.026637445,0.763832906,0.02556097,2
2,0.5,1,1.128127116,0.025240949,0.765896469,0.022206956,3
2,0.5,1,1.131159485,0.025954264,0.76942027,0.023045045,4
2,0.5,1,1.123685708,0.026073598,0.77104722,0.025815967,5
2,0.5,1,1.128108576,0.026611242,0.761828969,0.024841709,6
2,0.5,1,1.128558351,0.025754346,0.773271586,0.024388101,7
2,0.5,1,1.12421783,0.025949392,0.764800456,0.026119375,8
2,0.5,1,1.123051256,0.025410518,0.758500762,0.02512112,9
2,0.5,1,1.132562745,0.026003785,0.766146599,0.023273315,10
2,0.5,1,1.125297001,0.025313184,0.770089947,0.023867571,11
2,0.5,1,1.123218597,0.024727439,0.771602086,0.018788474,12
2,0.5,1,1.128431942,0.026351869,0.762025183,0.023863263,13
2,0.5,1,1.125715234,0.025642525,0.773085135,0.023114481,14
2,0.5,1,1.122972281,0.026517062,0.764786421,0.025505806,15
2,0.5,1,1.13117634,0.025751346,0.772732405,0.021404088,16
2,0.5,1,1.134603346,0.026006469,0.765056867,0.025101586,17
2,0.5,1,1.123314427,0.024442344,0.769026846,0.018500047,18
2,0.5,1,1.127991557,0.026044532,0.771244839,0.02496237,19
2,0.5,1,1.123114822,0.02628538,0.771776929,0.027158266,20
2,0.5,1,1.129261184,0.026413328,0.755607573,0.026341003,21
2,0.5,1,1.130953138,0.027622593,0.762221888,0.029351947,22
2,0.5,1,1.125427984,0.026216979,0.763107733,0.024606534,23
2,0.5,1,1.129588644,0.026113862,0.763656048,0.024016614,24
2,0.5,1,1.128073181,0.025510188,0.767526658,0.023329064,25
2,0.5,1,1.132899835,0.026368991,0.769329663,0.022937381,26
2,0.5,1,1.131743133,0.026628134,0.766515078,0.023722902,27
2,0.5,1,1.127144016,0.025541431,0.770068343,0.022218232,28
2,0.5,1,1.12377287,0.026331188,0.760050447,0.026323736,29
2,0.5,1,1.128138673,0.025703318,0.771136794,0.022073227,30
2,0.5,1,1.123447819,0.025595604,0.771987672,0.023003488,31
2,0.5,1,1.121686762,0.026637661,0.763426853,0.027787782,32
2,0.5,1,1.123864848,0.026492077,0.774231343,0.02532128,33
2,0.5,1,1.127165445,0.025821944,0.766380917,0.027013254,34
2,0.5,1,1.124998194,0.026432814,0.768636952,0.027189021,35
2,0.5,1,1.129694827,0.025737646,0.778349612,0.024318519,36
2,0.5,1,1.129592015,0.025507769,0.761867873,0.02185922,37
2,0.5,1,1.124957743,0.02602877,0.775821896,0.025365611,38
2,0.5,1,1.12353787,0.026254575,0.761220851,0.023947286,39
2,0.5,1,1.129098418,0.026459763,0.762502635,0.024245011,40
2,0.5,1,1.136081247,0.026951022,0.771413818,0.02280903,41
2,0.5,1,1.125800951,0.02691368,0.75867495,0.027196627,42
2,0.5,1,1.125841883,0.025400816,0.773909691,0.022851005,43
2,0.5,1,1.126884938,0.025499695,0.781586749,0.021967684,44
2,0.5,1,1.125100766,0.026921427,0.761642583,0.027749069,45
2,0.5,1,1.126871213,0.02569148,0.768356373,0.025081608,46
2,0.5,1,1.125334562,0.027224011,0.757301835,0.030944875,47
2,0.5,1,1.127443304,0.027398931,0.765912548,0.029523477,48
2,0.5,1,1.127617868,0.026715339,0.768042597,0.027331596,49
2,0.5,1,1.128420144,0.026565141,0.762423291,0.027443934,50
2,1,0,1.000000241,0.015109102,0.885824904,0.010456446,1
2,1,0,1.000000241,0.015109102,0.885320821,0.010503934,2
2,1,0,1.000001685,0.015109236,0.885819216,0.010463596,3
2,1,0,1.000000241,0.015109102,0.885834019,0.010499512,4
2,1,0,1.000000482,0.015109118,0.885929486,0.010441143,5
2,1,0,1,0.015109085,0.886069507,0.010429717,6
2,1,0,1.00000313,0.015109303,0.886443857,0.010447849,7
2,1,0,1.000000241,0.015109102,0.886099614,0.010432103,8
2,1,0,1.000000482,0.015109118,0.885002462,0.010454371,9
2,1,0,1,0.015109085,0.885111317,0.010491378,10
2,1,0,1.000000482,0.015109118,0.883064363,0.010351161,11
2,1,0,1,0.015109085,0.884641273,0.010392635,12
2,1,0,1.000000722,0.015109135,0.884978415,0.010413445,13
2,1,0,1,0.015109085,0.885152741,0.010440403,14
2,1,0,1.000000241,0.015109102,0.884619246,0.01041363,15
2,1,0,1.000000722,0.015109135,0.886011627,0.010420438,16
2,1,0,1.000000482,0.015109118,0.884393283,0.010424619,17
2,1,0,1.000000963,0.015109152,0.886545606,0.010462646,18
2,1,0,1,0.015109085,0.884095147,0.010415902,19
2,1,0,1.000000482,0.015109118,0.885007864,0.010469004,20
2,1,0,1,0.015109085,0.88498627,0.010445517,21
2,1,0,1,0.015109085,0.885547402,0.01040584,22
2,1,0,1.000000963,0.015109152,0.884472002,0.010478785,23
2,1,0,1.000000241,0.015109102,0.88405059,0.010433529,24
2,1,0,1,0.015109085,0.884121455,0.010416477,25
2,1,0,1.000000241,0.015109102,0.886759543,0.010440531,26
2,1,0,1.000001926,0.015109253,0.88510968,0.010540174,27
2,1,0,1,0.015109085,0.884849669,0.010415481,28
2,1,0,1.000000241,0.015109102,0.884758568,0.010355103,29
2,1,0,1.000000963,0.015109152,0.885824036,0.010526036,30
2,1,0,1.000001204,0.015109169,0.884984335,0.010496405,31
2,1,0,1.000000482,0.015109118,0.885367105,0.010421974,32
2,1,0,1.000000963,0.015109152,0.885586041,0.010469758,33
2,1,0,1.000000482,0.015109118,0.885870334,0.010500117,34
2,1,0,1.000000482,0.015109118,0.886030859,0.010460302,35
2,1,0,1.000000241,0.015109102,0.884047817,0.010495555,36
2,1,0,1.000001204,0.015109169,0.886105948,0.010443387,37
2,1,0,1.000000482,0.015109118,0.884262818,0.01040247,38
2,1,0,1.000000241,0.015109102,0.884080992,0.010432546,39
2,1,0,1,0.015109085,0.885011818,0.010488717,40
2,1,0,1.000001926,0.015109219,0.884378284,0.010481866,41
2,1,0,1,0.015109085,0.885821588,0.010406445,42
2,1,0,1.000001204,0.015109169,0.886009817,0.010504738,43
2,1,0,1.000001926,0.015109219,0.885413104,0.010517336,44
2,1,0,1.000001204,0.015109169,0.884695803,0.010497362,45
2,1,0,1.000000241,0.015109102,0.884429501,0.010431254,46
2,1,0,1.000000241,0.015109102,0.885786925,0.010429652,47
2,1,0,1.000000482,0.015109118,0.885544292,0.010368437,48
2,1,0,1.000001204,0.015109169,0.88617294,0.010455833,49
2,1,0,1.000001445,0.015109186,0.883807921,0.010418124,50
2,1,0.5,1.050052634,0.019019023,0.827115608,0.014740353,1
2,1,0.5,1.050789899,0.019238956,0.82468734,0.015924959,2
2,1,0.5,1.053372494,0.019432798,0.823308426,0.015619641,3
2,1,0.5,1.053627719,0.019418556,0.821185653,0.016251828,4
2,1,0.5,1.051919152,0.019238872,0.82318343,0.016930097,5
2,1,0.5,1.053540076,0.019707155,0.821942536,0.016025179,6
2,1,0.5,1.051505494,0.019323766,0.824488705,0.016071386,7
2,1,0.5,1.053918339,0.019506184,0.822684705,0.015710172,8
2,1,0.5,1.050983004,0.019442727,0.824845805,0.016111423,9
2,1,0.5,1.05089536,0.019227504,0.827403064,0.013953789,10
2,1,0.5,1.05370212,0.019393933,0.819184057,0.014453105,11
2,1,0.5,1.055645928,0.019298366,0.817834854,0.01531826,12
2,1,0.5,1.053526592,0.019374348,0.818665633,0.015298554,13
2,1,0.5,1.05542104,0.019582158,0.821109111,0.015148332,14
2,1,0.5,1.053184445,0.019310874,0.821849648,0.015164039,15
2,1,0.5,1.054219072,0.019340525,0.823258116,0.014156739,16
2,1,0.5,1.053299778,0.019288976,0.821911878,0.015601176,17
2,1,0.5,1.055489903,0.019575573,0.820800447,0.013779821,18
2,1,0.5,1.053249696,0.019370699,0.82145851,0.015455022,19
2,1,0.5,1.053222488,0.019307335,0.822497771,0.014620129,20
2,1,0.5,1.053234046,0.019485648,0.822271393,0.016939237,21
2,1,0.5,1.051466488,0.019273974,0.822606782,0.017869812,22
2,1,0.5,1.048587254,0.019042152,0.8271527,0.017193096,23
2,1,0.5,1.051453727,0.01914147,0.823878512,0.016021438,24
2,1,0.5,1.050535637,0.01930741,0.826376635,0.015375149,25
2,1,0.5,1.051274587,0.019279802,0.827445521,0.014333764,26
2,1,0.5,1.055334119,0.01958126,0.8208317,0.01462724,27
2,1,0.5,1.054141541,0.019244394,0.823717265,0.014077535,28
2,1,0.5,1.052339071,0.019191735,0.823258077,0.015337983,29
2,1,0.5,1.0549325,0.019344409,0.820203644,0.01559839,30
2,1,0.5,1.052953538,0.019577373,0.82396282,0.015658704,31
2,1,0.5,1.053004102,0.019197452,0.822050651,0.015576062,32
2,1,0.5,1.052453441,0.019343701,0.822691221,0.015231291,33
2,1,0.5,1.052771991,0.019333375,0.823858995,0.015767262,34
2,1,0.5,1.053151699,0.019385115,0.823759746,0.014631351,35
2,1,0.5,1.049276363,0.019418419,0.826617654,0.016839942,36
2,1,0.5,1.053385014,0.019468511,0.823283699,0.015342105,37
2,1,0.5,1.052687237,0.019381818,0.823305876,0.01344718,38
2,1,0.5,1.054093626,0.019381738,0.82259252,0.015442395,39
2,1,0.5,1.054556403,0.019506378,0.822923067,0.016767975,40
2,1,0.5,1.053917858,0.019354906,0.8258321,0.013566315,41
2,1,0.5,1.05145782,0.019268362,0.825250436,0.016353152,42
2,1,0.5,1.051955991,0.01929311,0.825298158,0.01537318,43
2,1,0.5,1.051823804,0.019182238,0.822213839,0.014507235,44
2,1,0.5,1.049434073,0.019111947,0.829284296,0.014505929,45
2,1,0.5,1.05113325,0.019302539,0.82663283,0.015649303,46
2,1,0.5,1.052346535,0.019377102,0.822566284,0.015813125,47
2,1,0.5,1.05235424,0.019298076,0.819565573,0.015418402,48
2,1,0.5,1.050667343,0.019166005,0.826095591,0.014648699,49
2,1,0.5,1.054999196,0.01956272,0.819729471,0.014629078,50
2,1,1,1.095180859,0.02209316,0.74694115,0.031645468,1
2,1,1,1.096467822,0.022320347,0.744057951,0.030660511,2
2,1,1,1.097298991,0.022299733,0.752631688,0.025156677,3
2,1,1,1.097993156,0.022500721,0.735563259,0.03223872,4
2,1,1,1.100854572,0.022721488,0.749690598,0.023388119,5
2,1,1,1.101016617,0.022661528,0.743008674,0.03064599,6
2,1,1,1.10027261,0.022584686,0.740636371,0.029693654,7
2,1,1,1.10088467,0.022576204,0.74253763,0.023896092,8
2,1,1,1.099778772,0.022434438,0.74407666,0.029906613,9
2,1,1,1.098049739,0.022337199,0.75724115,0.020343941,10
2,1,1,1.098009529,0.022560074,0.745109184,0.02787453,11
2,1,1,1.095793641,0.022510246,0.739292808,0.032340817,12
2,1,1,1.101167103,0.022967578,0.735127646,0.034759886,13
2,1,1,1.096870886,0.022081818,0.75058995,0.027156637,14
2,1,1,1.100769096,0.022761679,0.73323507,0.033606,15
2,1,1,1.103683002,0.022914253,0.734538034,0.034660938,16
2,1,1,1.100973517,0.022566805,0.739066943,0.027959613,17
2,1,1,1.098689729,0.022472404,0.735707707,0.027231505,18
2,1,1,1.09960493,0.022691064,0.738288138,0.032599273,19
2,1,1,1.100585382,0.02265462,0.74570385,0.027242923,20
2,1,1,1.099555811,0.022647992,0.741398831,0.033569094,21
2,1,1,1.104282782,0.022790814,0.74228709,0.021441285,22
2,1,1,1.099781662,0.022109699,0.752937476,0.024465066,23
2,1,1,1.098338674,0.022342796,0.732992642,0.028060899,24
2,1,1,1.101756289,0.022511804,0.747099474,0.029326523,25
2,1,1,1.102134553,0.023025011,0.73835596,0.032062374,26
2,1,1,1.093936032,0.022092517,0.753765794,0.030825207,27
2,1,1,1.096651536,0.022344177,0.741072856,0.027989719,28
2,1,1,1.100118993,0.022698836,0.734416462,0.030776953,29
2,1,1,1.101395843,0.02249588,0.73733981,0.028965298,30
2,1,1,1.101864158,0.022729907,0.733389895,0.027852132,31
2,1,1,1.097327884,0.022310934,0.7410646,0.028116163,32
2,1,1,1.099371134,0.022803721,0.745683291,0.028591762,33
2,1,1,1.098545984,0.022650859,0.741503435,0.031501738,34
2,1,1,1.098285462,0.022186129,0.736778659,0.027652898,35
2,1,1,1.101980455,0.022700031,0.728815232,0.023579332,36
2,1,1,1.103261639,0.02265259,0.741051551,0.026314578,37
2,1,1,1.096126397,0.022691033,0.748332381,0.031801334,38
2,1,1,1.096883406,0.022707573,0.740665441,0.028899996,39
2,1,1,1.102525819,0.022803672,0.736614542,0.024813796,40
2,1,1,1.100012809,0.022437001,0.738272769,0.03249702,41
2,1,1,1.100033276,0.022572753,0.739621149,0.027961643,42
2,1,1,1.0974502,0.022467015,0.740839535,0.030202725,43
2,1,1,1.099309494,0.022539513,0.73257713,0.031801784,44
2,1,1,1.098232009,0.02253291,0.742028638,0.030695435,45
2,1,1,1.101765439,0.022731844,0.742622285,0.027263431,46
2,1,1,1.096096541,0.022060831,0.744444144,0.024303293,47
2,1,1,1.100618609,0.022430821,0.737784994,0.033986217,48
2,1,1,1.098565969,0.022437954,0.747797488,0.023128865,49
2,1,1,1.100163296,0.022625151,0.739027178,0.029769292,50
5,0.1,0,1.049179281,0.017192602,0.875262959,0.012987552,1
5,0.1,0,1.049719974,0.01698152,0.874295297,0.013147854,2
5,0.1,0,1.049616343,0.017050647,0.874917336,0.013086055,3
5,0.1,0,1.049429595,0.01705377,0.874604509,0.013069068,4
5,0.1,0,1.049531107,0.017031403,0.875046825,0.013030046,5
5,0.1,0,1.049232638,0.017067543,0.87537849,0.012917763,6
5,0.1,0,1.04892184,0.017036456,0.875496164,0.012921639,7
5,0.1,0,1.049688384,0.017150207,0.874977628,0.013081446,8
5,0.1,0,1.048555664,0.016966127,0.875892497,0.01277451,9
5,0.1,0,1.049532552,0.016990453,0.874005261,0.013040008,10
5,0.1,0,1.049928007,0.016994728,0.874120434,0.013063805,11
5,0.1,0,1.0493433,0.016929762,0.875265187,0.013041054,12
5,0.1,0,1.049238802,0.017063837,0.875832964,0.013002715,13
5,0.1,0,1.049432003,0.017194541,0.875047172,0.012959725,14
5,0.1,0,1.049013722,0.017084689,0.875681242,0.012974278,15
5,0.1,0,1.049461378,0.01708688,0.875356407,0.013078637,16
5,0.1,0,1.049345707,0.017137311,0.875009041,0.013064182,17
5,0.1,0,1.048910187,0.017147523,0.87614665,0.012938654,18
5,0.1,0,1.04987388,0.017024947,0.873442331,0.013031361,19
5,0.1,0,1.0489229,0.01709922,0.876281034,0.012883661,20
5,0.1,0,1.049477654,0.017068914,0.875074529,0.012992453,21
5,0.1,0,1.050037032,0.017017697,0.873803942,0.013086756,22
5,0.1,0,1.049213183,0.016976864,0.875345828,0.012949951,23
5,0.1,0,1.049193343,0.017005758,0.875317551,0.012937408,24
5,0.1,0,1.049595058,0.016912722,0.874751396,0.012962876,25
5,0.1,0,1.049800009,0.016942004,0.874272639,0.013039359,26
5,0.1,0,1.049525136,0.017042538,0.874933965,0.0130875,27
5,0.1,0,1.049102136,0.017109342,0.875681544,0.012953329,28
5,0.1,0,1.048960269,0.017005828,0.875644437,0.012957195,29
5,0.1,0,1.049193535,0.017044285,0.875510463,0.012987784,30
5,0.1,0,1.049241017,0.016959675,0.875255324,0.012949544,31
5,0.1,0,1.049053787,0.017063448,0.875858504,0.012947621,32
5,0.1,0,1.049334824,0.01701814,0.875232905,0.013000275,33
5,0.1,0,1.049342818,0.016935273,0.874493744,0.012943867,34
5,0.1,0,1.048833426,0.017124727,0.875794083,0.012837842,35
5,0.1,0,1.050388762,0.017167472,0.873610326,0.013139681,36
5,0.1,0,1.049181881,0.017045169,0.875780091,0.012981251,37
5,0.1,0,1.049214531,0.01705374,0.87578928,0.01298603,38
5,0.1,0,1.049752239,0.017122541,0.87509479,0.013149525,39
5,0.1,0,1.04941823,0.017100359,0.874814839,0.013010629,40
5,0.1,0,1.049609697,0.01708271,0.87437863,0.013003554,41
5,0.1,0,1.04949239,0.016989112,0.874986339,0.013003699,42
5,0.1,0,1.050664502,0.017024014,0.872987947,0.013233983,43
5,0.1,0,1.049015744,0.017072785,0.875440469,0.012830565,44
5,0.1,0,1.049057832,0.017030182,0.875926632,0.012882896,45
5,0.1,0,1.05013421,0.017122257,0.873822638,0.013099595,46
5,0.1,0,1.049196906,0.01705578,0.875999759,0.013023514,47
5,0.1,0,1.04946629,0.016998822,0.875124711,0.013095784,48
5,0.1,0,1.048900074,0.016947838,0.875376177,0.012896631,49
5,0.1,0,1.049857603,0.017157537,0.87424366,0.013077986,50
5,0.1,0.5,1.130072417,0.026420601,0.824168718,0.017064797,1
5,0.1,0.5,1.131635746,0.02742248,0.824485293,0.017969825,2
5,0.1,0.5,1.132005293,0.027352825,0.823193517,0.017889934,3
5,0.1,0.5,1.13044572,0.029006723,0.823519322,0.019581359,4
5,0.1,0.5,1.131561297,0.027417545,0.822587699,0.018374141,5
5,0.1,0.5,1.132887507,0.026473848,0.825176814,0.018032919,6
5,0.1,0.5,1.128813721,0.027858107,0.823054686,0.019207842,7
5,0.1,0.5,1.129617826,0.027469767,0.824274747,0.017759521,8
5,0.1,0.5,1.128942393,0.026557328,0.824209271,0.01890586,9
5,0.1,0.5,1.131634783,0.027908234,0.822831674,0.018137279,10
5,0.1,0.5,1.131873828,0.026216598,0.822922857,0.016931987,11
5,0.1,0.5,1.13034623,0.027299097,0.823763099,0.01776814,12
5,0.1,0.5,1.135179626,0.027263564,0.824824742,0.017537008,13
5,0.1,0.5,1.130222663,0.027665079,0.823791258,0.017206171,14
5,0.1,0.5,1.132401134,0.027104331,0.824232698,0.01764289,15
5,0.1,0.5,1.133866418,0.027737838,0.82134004,0.017794365,16
5,0.1,0.5,1.132878935,0.02691946,0.825548794,0.017801795,17
5,0.1,0.5,1.132706634,0.026586003,0.824404991,0.017317516,18
5,0.1,0.5,1.130884612,0.026582673,0.823790115,0.01793017,19
5,0.1,0.5,1.130727913,0.025448955,0.824228993,0.017144312,20
5,0.1,0.5,1.129859761,0.026893888,0.822353348,0.01751382,21
5,0.1,0.5,1.131811418,0.02687885,0.823266075,0.017265291,22
5,0.1,0.5,1.12732147,0.027023793,0.823162878,0.017558506,23
5,0.1,0.5,1.131389381,0.026988292,0.822899537,0.017832711,24
5,0.1,0.5,1.133853512,0.026763128,0.824105605,0.017727822,25
5,0.1,0.5,1.13077395,0.027703765,0.82293788,0.0179931,26
5,0.1,0.5,1.130423376,0.026910508,0.823024549,0.017619713,27
5,0.1,0.5,1.132865067,0.02825624,0.823688741,0.01900934,28
5,0.1,0.5,1.129291811,0.026147242,0.82505227,0.017731937,29
5,0.1,0.5,1.130709325,0.027386378,0.823146345,0.018636535,30
5,0.1,0.5,1.133243378,0.028131383,0.824716653,0.017690243,31
5,0.1,0.5,1.129834334,0.027305415,0.826532901,0.017730694,32
5,0.1,0.5,1.127547224,0.02608142,0.823204763,0.017681937,33
5,0.1,0.5,1.135289517,0.027914309,0.823963814,0.018253579,34
5,0.1,0.5,1.129090809,0.0270255,0.824514661,0.017589188,35
5,0.1,0.5,1.131008276,0.027551876,0.825126307,0.017988158,36
5,0.1,0.5,1.130825958,0.026770415,0.822157053,0.017747517,37
5,0.1,0.5,1.12894143,0.026449153,0.823296526,0.017311606,38
5,0.1,0.5,1.129575931,0.025892356,0.824339437,0.017065327,39
5,0.1,0.5,1.135206304,0.027649556,0.823805107,0.018432619,40
5,0.1,0.5,1.132703745,0.027500314,0.823605498,0.01820609,41
5,0.1,0.5,1.134396613,0.028825946,0.824886378,0.01838824,42
5,0.1,0.5,1.128550694,0.0285757,0.824224231,0.017811388,43
5,0.1,0.5,1.128994401,0.027316395,0.823215372,0.018605441,44
5,0.1,0.5,1.130822876,0.025896936,0.82325328,0.01716951,45
5,0.1,0.5,1.130776839,0.027647312,0.824291301,0.017381581,46
5,0.1,0.5,1.129075592,0.028169379,0.823322687,0.019273295,47
5,0.1,0.5,1.132822978,0.028706202,0.825556048,0.018481638,48
5,0.1,0.5,1.13197717,0.028205703,0.824971392,0.017866218,49
5,0.1,0.5,1.131718863,0.027125906,0.823042563,0.0180802,50
5,0.1,1,1.157966651,0.038666399,0.800822453,0.023380164,1
5,0.1,1,1.160312126,0.039173286,0.804334777,0.023087541,2
5,0.1,1,1.157097825,0.039973869,0.798094868,0.023923214,3
5,0.1,1,1.165110176,0.037603798,0.802104726,0.022801293,4
5,0.1,1,1.160767584,0.038655261,0.801079601,0.022460309,5
5,0.1,1,1.168877498,0.03703388,0.805670297,0.022666038,6
5,0.1,1,1.160268208,0.038398391,0.803003008,0.024325001,7
5,0.1,1,1.156817654,0.041069755,0.799695257,0.023966436,8
5,0.1,1,1.158481629,0.039707964,0.801994432,0.024119963,9
5,0.1,1,1.163039766,0.043471494,0.800548639,0.025242746,10
5,0.1,1,1.159812655,0.03928768,0.803079871,0.023472213,11
5,0.1,1,1.158658361,0.037217671,0.80066579,0.022873811,12
5,0.1,1,1.162784059,0.039809337,0.804601977,0.023058047,13
5,0.1,1,1.151316723,0.03593118,0.799742751,0.023491121,14
5,0.1,1,1.158771527,0.038578773,0.804676106,0.023620435,15
5,0.1,1,1.159798112,0.036988113,0.799809359,0.02334618,16
5,0.1,1,1.15812961,0.039337235,0.799702784,0.024496821,17
5,0.1,1,1.155555106,0.041143506,0.803367057,0.023433178,18
5,0.1,1,1.15795519,0.037132248,0.802812902,0.02223763,19
5,0.1,1,1.168055287,0.034660472,0.805200668,0.021249747,20
5,0.1,1,1.164107283,0.037199177,0.802652162,0.022393671,21
5,0.1,1,1.167082251,0.036336054,0.804427234,0.021797805,22
5,0.1,1,1.155309897,0.03924934,0.799659361,0.022478633,23
5,0.1,1,1.158743596,0.039608891,0.801435594,0.023022442,24
5,0.1,1,1.163457855,0.038817852,0.800106046,0.023348003,25
5,0.1,1,1.155660567,0.040595965,0.798118166,0.023542951,26
5,0.1,1,1.149461281,0.038968832,0.797190844,0.024113216,27
5,0.1,1,1.152480071,0.036614016,0.799889413,0.02313559,28
5,0.1,1,1.159436847,0.04068788,0.801836086,0.024351842,29
5,0.1,1,1.157117183,0.038733038,0.801101246,0.023428401,30
5,0.1,1,1.161114883,0.038460521,0.799742291,0.024333931,31
5,0.1,1,1.153587461,0.041058163,0.799546161,0.024494625,32
5,0.1,1,1.15499727,0.037478746,0.800946134,0.023643002,33
5,0.1,1,1.157099173,0.037739109,0.800731578,0.023884044,34
5,0.1,1,1.155507913,0.037595241,0.799482482,0.022661278,35
5,0.1,1,1.160638623,0.038017148,0.800172332,0.023458082,36
5,0.1,1,1.152388093,0.037471263,0.802861726,0.022312601,37
5,0.1,1,1.159617142,0.04030303,0.803367684,0.024559143,38
5,0.1,1,1.158396297,0.040494873,0.801253259,0.024193257,39
5,0.1,1,1.16008955,0.038757795,0.801413836,0.023137972,40
5,0.1,1,1.160976195,0.040291359,0.80179296,0.024160406,41
5,0.1,1,1.16515419,0.037756227,0.804857591,0.023576209,42
5,0.1,1,1.156127582,0.041342508,0.796684667,0.024103997,43
5,0.1,1,1.159020107,0.038928329,0.802425692,0.024205122,44
5,0.1,1,1.166966292,0.038002154,0.801207933,0.025133764,45
5,0.1,1,1.157770079,0.035209466,0.80460364,0.022548009,46
5,0.1,1,1.157426343,0.039718538,0.798255375,0.025323124,47
5,0.1,1,1.154768241,0.036565618,0.803068545,0.021790105,48
5,0.1,1,1.156427111,0.035763417,0.80302945,0.023140309,49
5,0.1,1,1.160051989,0.038862311,0.800405483,0.024404518,50
5,0.5,0,1.000356449,0.015132291,0.874766233,0.012902077,1
5,0.5,0,1.000371377,0.015120096,0.87377552,0.012884516,2
5,0.5,0,1.000343254,0.015118997,0.875243592,0.012832901,3
5,0.5,0,1.000397093,0.015127153,0.873680389,0.013018711,4
5,0.5,0,1.000412695,0.015133821,0.873579964,0.012973379,5
5,0.5,0,1.00040682,0.015127837,0.873943366,0.012935546,6
5,0.5,0,1.000343447,0.01511895,0.875146422,0.012888651,7
5,0.5,0,1.000415392,0.015121271,0.873774067,0.012990087,8
5,0.5,0,1.000372918,0.01511987,0.873997895,0.012825428,9
5,0.5,0,1.0003943,0.015120612,0.873996293,0.012882089,10
5,0.5,0,1.000398537,0.015120603,0.873490667,0.012950075,11
5,0.5,0,1.000382068,0.015145921,0.873583262,0.012902029,12
5,0.5,0,1.000386209,0.015126712,0.874260166,0.012917184,13
5,0.5,0,1.00036897,0.015132705,0.873733428,0.012816718,14
5,0.5,0,1.000410095,0.015121445,0.873088602,0.012930477,15
5,0.5,0,1.000370799,0.015119793,0.87453747,0.012840712,16
5,0.5,0,1.000421748,0.015128871,0.875753213,0.012918702,17
5,0.5,0,1.000393722,0.015127018,0.874162253,0.012964296,18
5,0.5,0,1.000365888,0.015126231,0.874812972,0.012901723,19
5,0.5,0,1.000366658,0.015126288,0.874292447,0.012874385,20
5,0.5,0,1.000368584,0.015120044,0.873903493,0.012883252,21
5,0.5,0,1.000380238,0.015132805,0.873291413,0.012958057,22
5,0.5,0,1.000383705,0.015126862,0.874100891,0.012938304,23
5,0.5,0,1.000369547,0.015132718,0.873456208,0.01292387,24
5,0.5,0,1.000395359,0.015120958,0.872282904,0.013021515,25
5,0.5,0,1.000364732,0.015119895,0.87385044,0.012821963,26
5,0.5,0,1.000380431,0.015120027,0.872828716,0.012999939,27
5,0.5,0,1.00037889,0.015132828,0.874475584,0.012950918,28
5,0.5,0,1.00038698,0.015126826,0.873180512,0.012895131,29
5,0.5,0,1.000383127,0.015126935,0.873997369,0.012941614,30
5,0.5,0,1.000341906,0.015118996,0.874084249,0.01278396,31
5,0.5,0,1.000386402,0.015127185,0.873626573,0.012959294,32
5,0.5,0,1.000340269,0.015131686,0.874801297,0.012816811,33
5,0.5,0,1.000402004,0.015127676,0.873527038,0.012937985,34
5,0.5,0,1.000395937,0.015139961,0.873412918,0.012994844,35
5,0.5,0,1.000390158,0.015120384,0.874121927,0.012962452,36
5,0.5,0,1.000376674,0.015120102,0.873838866,0.012949999,37
5,0.5,0,1.000381683,0.015120326,0.873935967,0.012977778,38
5,0.5,0,1.000393336,0.015133394,0.87352115,0.012884572,39
5,0.5,0,1.000383513,0.015132787,0.873270357,0.012869922,40
5,0.5,0,1.000359146,0.015119652,0.87495274,0.012842407,41
5,0.5,0,1.000372533,0.015120041,0.874061973,0.012917093,42
5,0.5,0,1.000366658,0.015119859,0.873382241,0.012843716,43
5,0.5,0,1.000382068,0.015126664,0.873308626,0.012906094,44
5,0.5,0,1.000396515,0.015139855,0.873685748,0.012984422,45
5,0.5,0,1.000380045,0.015126766,0.874759447,0.012865827,46
5,0.5,0,1.000357412,0.015119446,0.874505967,0.012794327,47
5,0.5,0,1.000360494,0.01511962,0.874571651,0.012823517,48
5,0.5,0,1.000372629,0.01512669,0.873791864,0.012849974,49
5,0.5,0,1.000349515,0.015125989,0.873225854,0.012828538,50
5,0.5,0.5,1.084331843,0.018502703,0.79049221,0.016636959,1
5,0.5,0.5,1.086278107,0.018693806,0.791192493,0.018019522,2
5,0.5,0.5,1.086068726,0.018785654,0.792679009,0.017441478,3
5,0.5,0.5,1.083251613,0.018550839,0.795361755,0.017741925,4
5,0.5,0.5,1.085541902,0.018685159,0.791755291,0.016933077,5
5,0.5,0.5,1.085626752,0.018625844,0.791553477,0.016873736,6
5,0.5,0.5,1.082345321,0.01859096,0.794011944,0.016939479,7
5,0.5,0.5,1.084111194,0.018429483,0.790447013,0.016753245,8
5,0.5,0.5,1.088235254,0.018781742,0.789338058,0.017062626,9
5,0.5,0.5,1.081625103,0.018550355,0.795589174,0.017276008,10
5,0.5,0.5,1.085693111,0.018688082,0.789817248,0.018470759,11
5,0.5,0.5,1.083764472,0.018650555,0.792840676,0.017297696,12
5,0.5,0.5,1.084765438,0.018642932,0.792775149,0.017833154,13
5,0.5,0.5,1.087387328,0.018736563,0.790671317,0.017440011,14
5,0.5,0.5,1.084501255,0.018587832,0.792188369,0.016508464,15
5,0.5,0.5,1.083893337,0.018438414,0.796722229,0.016770508,16
5,0.5,0.5,1.084440772,0.018620407,0.7932849,0.018150865,17
5,0.5,0.5,1.083270972,0.018538803,0.795687598,0.017442279,18
5,0.5,0.5,1.085378943,0.018725437,0.791345208,0.017863064,19
5,0.5,0.5,1.084878604,0.018679662,0.792787907,0.017478124,20
5,0.5,0.5,1.086527362,0.018815106,0.78714445,0.0174443,21
5,0.5,0.5,1.085756869,0.018763804,0.791335614,0.017448823,22
5,0.5,0.5,1.084067083,0.018549438,0.792241683,0.017432273,23
5,0.5,0.5,1.084141917,0.018421407,0.794835842,0.016914367,24
5,0.5,0.5,1.081995036,0.018480887,0.793687146,0.017328962,25
5,0.5,0.5,1.083452037,0.018792751,0.793842808,0.017405064,26
5,0.5,0.5,1.084331073,0.018681354,0.793619544,0.017318428,27
5,0.5,0.5,1.084471014,0.018683275,0.791204029,0.018567353,28
5,0.5,0.5,1.084005732,0.018600209,0.793431725,0.017926887,29
5,0.5,0.5,1.086671155,0.01881424,0.791347557,0.018984486,30
5,0.5,0.5,1.08543933,0.018779481,0.792153955,0.017900654,31
5,0.5,0.5,1.083461668,0.018661976,0.796551778,0.017022384,32
5,0.5,0.5,1.084300446,0.018520983,0.793682213,0.017378862,33
5,0.5,0.5,1.085918095,0.018672475,0.791240939,0.017220974,34
5,0.5,0.5,1.084883901,0.018673892,0.79167626,0.01803898,35
5,0.5,0.5,1.081900362,0.018466783,0.796299714,0.017946267,36
5,0.5,0.5,1.084125929,0.018641691,0.793439829,0.017287829,37
5,0.5,0.5,1.085177748,0.018714452,0.794210192,0.017073762,38
5,0.5,0.5,1.084635514,0.018729777,0.793113244,0.018122961,39
5,0.5,0.5,1.083297457,0.018615878,0.791634293,0.018914516,40
5,0.5,0.5,1.084346772,0.018679296,0.793516068,0.01727634,41
5,0.5,0.5,1.083739913,0.018598599,0.794680522,0.017781376,42
5,0.5,0.5,1.084014304,0.018674895,0.795341288,0.017280617,43
5,0.5,0.5,1.08602057,0.01862319,0.793294994,0.01720549,44
5,0.5,0.5,1.084682995,0.01871632,0.794112004,0.018350249,45
5,0.5,0.5,1.084031929,0.018633052,0.792489783,0.018060062,46
5,0.5,0.5,1.086750708,0.018703065,0.793243122,0.017122458,47
5,0.5,0.5,1.085192483,0.018717379,0.792349,0.017016981,48
5,0.5,0.5,1.086722296,0.018727585,0.792901905,0.018300254,49
5,0.5,0.5,1.08453352,0.018663119,0.790328413,0.017117816,50
5,0.5,1,1.108002431,0.021212986,0.726094434,0.026716551,1
5,0.5,1,1.108981919,0.022057099,0.725544884,0.029623928,2
5,0.5,1,1.10703084,0.021969809,0.729620029,0.027228049,3
5,0.5,1,1.106131675,0.021775983,0.718163767,0.029150902,4
5,0.5,1,1.10609681,0.022001362,0.723957652,0.029520173,5
5,0.5,1,1.106375632,0.021974779,0.729279256,0.027186986,6
5,0.5,1,1.106389309,0.021631568,0.722428617,0.02639723,7
5,0.5,1,1.10595398,0.021646596,0.72979639,0.027865518,8
5,0.5,1,1.106618915,0.022010824,0.726740532,0.029362752,9
5,0.5,1,1.109997236,0.021636198,0.722873559,0.027739721,10
5,0.5,1,1.108190431,0.02184117,0.722960357,0.029744858,11
5,0.5,1,1.106868073,0.021543092,0.725150818,0.02604992,12
5,0.5,1,1.111224052,0.022446577,0.725872564,0.029181918,13
5,0.5,1,1.105988267,0.021691325,0.723531505,0.027835924,14
5,0.5,1,1.105673521,0.021572598,0.727844094,0.027940642,15
5,0.5,1,1.108267095,0.021937241,0.729653105,0.027469811,16
5,0.5,1,1.106004448,0.021557602,0.73303622,0.026910385,17
5,0.5,1,1.106814717,0.021890547,0.728398856,0.02856484,18
5,0.5,1,1.108641747,0.021520324,0.723882479,0.027859492,19
5,0.5,1,1.10437842,0.021362917,0.72511369,0.028359559,20
5,0.5,1,1.105430912,0.021787669,0.727665762,0.029526971,21
5,0.5,1,1.107775906,0.021525282,0.720434755,0.027383034,22
5,0.5,1,1.106288374,0.022187453,0.725891023,0.030452716,23
5,0.5,1,1.109557092,0.021621292,0.726236767,0.027773081,24
5,0.5,1,1.107987792,0.021796849,0.727509233,0.027426627,25
5,0.5,1,1.104442178,0.021106956,0.723371911,0.026961327,26
5,0.5,1,1.107731892,0.021882961,0.727839706,0.028289692,27
5,0.5,1,1.109957748,0.021798956,0.73054884,0.027430543,28
5,0.5,1,1.105971605,0.021661641,0.727723264,0.027247714,29
5,0.5,1,1.109428131,0.022029389,0.730651286,0.027741866,30
5,0.5,1,1.104013014,0.021599909,0.726690441,0.02659772,31
5,0.5,1,1.108143431,0.021930425,0.724478477,0.027117993,32
5,0.5,1,1.104073401,0.021594154,0.734878018,0.027108942,33
5,0.5,1,1.110161832,0.021283902,0.730206987,0.025804117,34
5,0.5,1,1.106519811,0.021490866,0.729512374,0.028294903,35
5,0.5,1,1.104190323,0.021815223,0.728930053,0.030807768,36
5,0.5,1,1.108618054,0.02210558,0.726229579,0.027405973,37
5,0.5,1,1.108181378,0.022387817,0.725443555,0.029015151,38
5,0.5,1,1.106161917,0.022415508,0.727540262,0.030043728,39
5,0.5,1,1.107200348,0.022390746,0.728790885,0.030607191,40
5,0.5,1,1.109670932,0.021347229,0.725472429,0.025478406,41
5,0.5,1,1.10695928,0.021535716,0.721583878,0.02747097,42
5,0.5,1,1.111298501,0.021816919,0.72262832,0.027609019,43
5,0.5,1,1.109188122,0.021607592,0.726422418,0.028179373,44
5,0.5,1,1.111808086,0.022404804,0.726990854,0.028504948,45
5,0.5,1,1.108291655,0.021761177,0.728364158,0.027374289,46
5,0.5,1,1.107033922,0.0214865,0.729565183,0.026709283,47
5,0.5,1,1.10533123,0.021777119,0.727403001,0.027269914,48
5,0.5,1,1.106012442,0.022548683,0.726208274,0.029716859,49
5,0.5,1,1.107693174,0.022023532,0.731393788,0.027860417,50
5,1,0,1.000009824,0.015109377,0.874604931,0.012889825,1
5,1,0,1.000012232,0.015109443,0.87496496,0.012818322,2
5,1,0,1.000019936,0.015109709,0.874724538,0.012863943,3
5,1,0,1.000012135,0.015109446,0.873772541,0.01291044,4
5,1,0,1.000013773,0.015109506,0.873532044,0.012848969,5
5,1,0,1.000015121,0.015109532,0.872936688,0.013048422,6
5,1,0,1.000007512,0.015109298,0.874568362,0.012785409,7
5,1,0,1.000011365,0.015109419,0.872798125,0.012950692,8
5,1,0,1.000008186,0.015109333,0.874064811,0.012820229,9
5,1,0,1.000018973,0.015109753,0.872781624,0.013001865,10
5,1,0,1.000021959,0.01510979,0.873860865,0.012901132,11
5,1,0,1.000014061,0.015109514,0.87452876,0.012857419,12
5,1,0,1.000015891,0.015109579,0.873796729,0.012857367,13
5,1,0,1.000011846,0.015109427,0.873016184,0.012963572,14
5,1,0,1.000009535,0.01510937,0.872560412,0.012961688,15
5,1,0,1.000018973,0.015109678,0.874424621,0.012862309,16
5,1,0,1.000018396,0.01510963,0.87408125,0.012944827,17
5,1,0,1.000012424,0.015109464,0.874456397,0.012860303,18
5,1,0,1.000017143,0.015109629,0.874164519,0.012982136,19
5,1,0,1.000012809,0.015109453,0.874608083,0.012787258,20
5,1,0,1.000017336,0.015109618,0.872372789,0.013063644,21
5,1,0,1.000011076,0.015109412,0.874524356,0.012892518,22
5,1,0,1.000011557,0.015109414,0.87359169,0.012883748,23
5,1,0,1.000008572,0.015109332,0.873826662,0.012865535,24
5,1,0,1.000010016,0.015109404,0.873288249,0.012970089,25
5,1,0,1.000016662,0.015109638,0.873884722,0.012901512,26
5,1,0,1.000013387,0.015109485,0.873482456,0.012968445,27
5,1,0,1.0000209,0.015109724,0.874142861,0.012974302,28
5,1,0,1.000012809,0.015109448,0.872951467,0.012977045,29
5,1,0,1.000013773,0.015109495,0.873676195,0.012948589,30
5,1,0,1.000016566,0.015109635,0.871984261,0.013017832,31
5,1,0,1.000018973,0.015109678,0.874849059,0.012854119,32
5,1,0,1.00000915,0.015109338,0.875084156,0.012737026,33
5,1,0,1.000017625,0.015109637,0.875106504,0.012876357,34
5,1,0,1.000012713,0.015109461,0.875195568,0.012798505,35
5,1,0,1.000023693,0.015109825,0.874472151,0.012931747,36
5,1,0,1.000008186,0.015109327,0.874350138,0.012742844,37
5,1,0,1.000013098,0.015109477,0.874355594,0.012884789,38
5,1,0,1.000011076,0.015109417,0.873486988,0.012907717,39
5,1,0,1.000011461,0.015109422,0.873561892,0.012925362,40
5,1,0,1.000009727,0.01510938,0.873912617,0.012843473,41
5,1,0,1.000025041,0.015109892,0.875221827,0.012892041,42
5,1,0,1.000024559,0.015109848,0.873717948,0.012902364,43
5,1,0,1.00001984,0.015109696,0.873737922,0.012881905,44
5,1,0,1.000014158,0.015109527,0.873808119,0.012889103,45
5,1,0,1.000008764,0.015109349,0.874600426,0.012889737,46
5,1,0,1.000011846,0.015109438,0.874144959,0.012918813,47
5,1,0,1.000020611,0.015109743,0.873961069,0.013007528,48
5,1,0,1.000010016,0.015109377,0.872775192,0.012968847,49
5,1,0,1.000015506,0.015109564,0.872713816,0.013042032,50
5,1,0.5,1.051552302,0.017418575,0.81144982,0.012953144,1
5,1,0.5,1.052535161,0.017480189,0.807892498,0.012544036,2
5,1,0.5,1.048842094,0.017392015,0.813180976,0.012857498,3
5,1,0.5,1.051978191,0.017376219,0.810580176,0.014015449,4
5,1,0.5,1.047962385,0.017201824,0.814621583,0.013490613,5
5,1,0.5,1.051738472,0.01743892,0.810033958,0.013557052,6
5,1,0.5,1.053105133,0.017346832,0.808984693,0.012954892,7
5,1,0.5,1.049730087,0.017218286,0.812638734,0.013529344,8
5,1,0.5,1.051644953,0.017476773,0.810518932,0.013214754,9
5,1,0.5,1.048430459,0.017238615,0.814508096,0.013162735,10
5,1,0.5,1.054063722,0.017328348,0.806596326,0.014807442,11
5,1,0.5,1.053048213,0.017342202,0.80876537,0.013200489,12
5,1,0.5,1.049621255,0.017404107,0.809907288,0.012458181,13
5,1,0.5,1.05063792,0.017273536,0.811559755,0.013390308,14
5,1,0.5,1.05114577,0.017209303,0.811812235,0.012539027,15
5,1,0.5,1.050752723,0.017369033,0.813231699,0.013568752,16
5,1,0.5,1.051598531,0.017262596,0.811185286,0.013189586,17
5,1,0.5,1.051696191,0.017487596,0.809726283,0.01298981,18
5,1,0.5,1.052984358,0.017360153,0.808084011,0.013410681,19
5,1,0.5,1.051046858,0.017290045,0.811855322,0.013151089,20
5,1,0.5,1.054036947,0.017523736,0.808343756,0.012906547,21
5,1,0.5,1.052753499,0.017579461,0.80887131,0.012034946,22
5,1,0.5,1.050753782,0.01733183,0.81254626,0.013197845,23
5,1,0.5,1.050855391,0.01742982,0.810478494,0.013213123,24
5,1,0.5,1.051360256,0.017352382,0.808901008,0.013584296,25
5,1,0.5,1.049210775,0.017479823,0.811982904,0.012457813,26
5,1,0.5,1.048846236,0.017323981,0.813020337,0.012654951,27
5,1,0.5,1.051717668,0.017393084,0.811524559,0.012988371,28
5,1,0.5,1.050651403,0.017369975,0.812190751,0.012323173,29
5,1,0.5,1.049480447,0.017358835,0.811173609,0.013507436,30
5,1,0.5,1.05345484,0.01745751,0.809683481,0.013169848,31
5,1,0.5,1.051096266,0.017526759,0.81139159,0.013062887,32
5,1,0.5,1.051776226,0.017269216,0.811472327,0.013641055,33
5,1,0.5,1.050737313,0.017375281,0.811784999,0.013297692,34
5,1,0.5,1.050775645,0.017461248,0.811188969,0.013201924,35
5,1,0.5,1.049332609,0.017356844,0.812678562,0.013388638,36
5,1,0.5,1.04979163,0.017215575,0.811852016,0.013358521,37
5,1,0.5,1.047703788,0.017401411,0.81394843,0.013440831,38
5,1,0.5,1.04979346,0.017438261,0.813467337,0.012854111,39
5,1,0.5,1.050421796,0.017236358,0.81130205,0.013321892,40
5,1,0.5,1.04999061,0.017280154,0.810631326,0.013280149,41
5,1,0.5,1.052688007,0.017464233,0.806677737,0.01357388,42
5,1,0.5,1.051685789,0.017324112,0.809029831,0.013710809,43
5,1,0.5,1.052330403,0.017294427,0.810239343,0.012998853,44
5,1,0.5,1.050790092,0.017542809,0.81109167,0.012559424,45
5,1,0.5,1.051588033,0.017413975,0.812128509,0.012991037,46
5,1,0.5,1.048604397,0.017301075,0.814694937,0.012863171,47
5,1,0.5,1.051120152,0.017354638,0.808645914,0.013173659,48
5,1,0.5,1.050044159,0.017550485,0.811867227,0.012373176,49
5,1,0.5,1.051806949,0.017415352,0.810196637,0.013160443,50
5,1,1,1.092571008,0.018988929,0.69546089,0.030720591,1
5,1,1,1.093084541,0.018880219,0.700941515,0.02974203,2
5,1,1,1.093239988,0.019004854,0.701236519,0.030533322,3
5,1,1,1.091374337,0.018976873,0.700382784,0.031594527,4
5,1,1,1.092975806,0.018971363,0.698129008,0.026921448,5
5,1,1,1.092242104,0.019022233,0.70034259,0.029627638,6
5,1,1,1.09516699,0.019074103,0.697283219,0.029713959,7
5,1,1,1.092272731,0.018971681,0.696798547,0.028060365,8
5,1,1,1.092700355,0.019043685,0.70189189,0.027433513,9
5,1,1,1.094825276,0.019153589,0.694873522,0.027873,10
5,1,1,1.090376068,0.018693479,0.699936167,0.029165823,11
5,1,1,1.093412001,0.01902263,0.691029913,0.032761635,12
5,1,1,1.091254622,0.018858815,0.696060663,0.02860533,13
5,1,1,1.095489152,0.019033608,0.697711476,0.030096918,14
5,1,1,1.095806017,0.019024081,0.690540585,0.027468391,15
5,1,1,1.093644304,0.018966441,0.697270316,0.030675722,16
5,1,1,1.092357678,0.018965665,0.697388349,0.030587352,17
5,1,1,1.093542599,0.018878247,0.698113368,0.028808145,18
5,1,1,1.093393316,0.018894714,0.69351061,0.026938564,19
5,1,1,1.092857824,0.019042478,0.702533225,0.0288675,20
5,1,1,1.09007259,0.018877689,0.699800184,0.028945469,21
5,1,1,1.092542211,0.018928208,0.699706678,0.030100204,22
5,1,1,1.093150611,0.019163839,0.699012984,0.03044486,23
5,1,1,1.093444458,0.018989088,0.69479534,0.02914324,24
5,1,1,1.091345636,0.018745471,0.69640865,0.026166591,25
5,1,1,1.092953847,0.018997636,0.692003466,0.027229277,26
5,1,1,1.092350455,0.018967484,0.704680251,0.028349387,27
5,1,1,1.090741474,0.01881986,0.699454423,0.030196707,28
5,1,1,1.091957985,0.018865484,0.700530413,0.029171432,29
5,1,1,1.093681095,0.019192396,0.68716231,0.032307212,30
5,1,1,1.092379252,0.01904034,0.696905258,0.027276201,31
5,1,1,1.095033406,0.018967933,0.696895332,0.027950159,32
5,1,1,1.094397846,0.018778266,0.695083606,0.027782099,33
5,1,1,1.089994867,0.018727607,0.701603787,0.02851077,34
5,1,1,1.09265451,0.019069506,0.694520075,0.032181423,35
5,1,1,1.090258857,0.019016615,0.704129378,0.030479954,36
5,1,1,1.092096481,0.018869309,0.696788419,0.024996058,37
5,1,1,1.09056715,0.018911491,0.700560036,0.032783244,38
5,1,1,1.092426156,0.019093694,0.703251849,0.029888032,39
5,1,1,1.094349305,0.019059001,0.695862647,0.028181236,40
5,1,1,1.093863798,0.019104377,0.693764888,0.031316113,41
5,1,1,1.092449078,0.018947685,0.694452748,0.027119987,42
5,1,1,1.09370604,0.018952877,0.694414573,0.028114705,43
5,1,1,1.092054778,0.018868188,0.698910769,0.028200563,44
5,1,1,1.092309041,0.019067546,0.703457573,0.027994682,45
5,1,1,1.092976576,0.018854007,0.69836373,0.026552961,46
5,1,1,1.091804753,0.018861789,0.702611081,0.028695893,47
5,1,1,1.09205343,0.018910236,0.698489056,0.028089048,48
5,1,1,1.092203194,0.018907609,0.6947185,0.029072072,49
5,1,1,1.093817858,0.019091632,0.693377899,0.030924473,50