rounded_patch,mean_visit,sd_visit,sociality,density,interference
1,NA,NA,0,0.4,0.1
1.1,0,NA,0,0.4,0.1
1.2,0,NA,0,0.4,0.1
1.3,0,0,0,0.4,0.1
1.4,NA,NA,0,0.4,0.1
1.5,0,0,0,0.4,0.1
1.6,0,0,0,0.4,0.1
1.7,0,0,0,0.4,0.1
1.8,0,0,0,0.4,0.1
1.9,0,0,0,0.4,0.1
2,0,0,0,0.4,0.1
2.1,0,0,0,0.4,0.1
2.2,0,0,0,0.4,0.1
2.3,0,0,0,0.4,0.1
2.4,0,0,0,0.4,0.1
2.5,0,0,0,0.4,0.1
2.6,0,0,0,0.4,0.1
2.7,0,0,0,0.4,0.1
2.8,0,0,0,0.4,0.1
2.9,0,0,0,0.4,0.1
3,0,0,0,0.4,0.1
3.1,0.002638522,0.05136655,0,0.4,0.1
3.2,0,0,0,0.4,0.1
3.3,0.003278689,0.057212803,0,0.4,0.1
3.4,0.004279601,0.065325134,0,0.4,0.1
3.5,0.002469136,0.049659679,0,0.4,0.1
3.6,0.006857143,0.082570663,0,0.4,0.1
3.7,0.011316872,0.105831582,0,0.4,0.1
3.8,0.013368984,0.122417899,0,0.4,0.1
3.9,0.022241232,0.147530262,0,0.4,0.1
4,0.027515047,0.163649005,0,0.4,0.1
4.1,0.035303147,0.196701008,0,0.4,0.1
4.2,0.069131833,0.28933116,0,0.4,0.1
4.3,0.089377289,0.317033504,0,0.4,0.1
4.4,0.11284599,0.342386228,0,0.4,0.1
4.5,0.179421222,0.435654716,0,0.4,0.1
4.6,0.247285887,0.548555346,0,0.4,0.1
4.7,0.363381859,0.666596008,0,0.4,0.1
4.8,0.517175573,0.841461871,0,0.4,0.1
4.9,0.731736527,1.011856024,0,0.4,0.1
5,0.944579993,1.214479734,0,0.4,0.1
5.1,1.269991148,1.465860827,0,0.4,0.1
5.2,1.703204047,1.718247032,0,0.4,0.1
5.3,2.241056572,2.168750172,0,0.4,0.1
5.4,3.080856945,2.757905173,0,0.4,0.1
5.5,4.106392625,3.399780818,0,0.4,0.1
5.6,5.41713555,4.212073825,0,0.4,0.1
5.7,7.265100671,5.394387783,0,0.4,0.1
5.8,9.516756433,6.751327088,0,0.4,0.1
5.9,12.76625783,8.702316075,0,0.4,0.1
6,17.0407309,11.31930482,0,0.4,0.1
6.1,22.97166417,14.66602306,0,0.4,0.1
6.2,30.03420306,18.9155686,0,0.4,0.1
6.3,40.68200342,25.13572378,0,0.4,0.1
6.4,54.49975406,33.09179041,0,0.4,0.1
6.5,73.88659429,45.35482218,0,0.4,0.1
6.6,99.59559583,59.79070095,0,0.4,0.1
6.7,136.9798072,85.79397869,0,0.4,0.1
6.8,192.3048739,132.0674793,0,0.4,0.1
6.9,273.5274594,185.2370504,0,0.4,0.1
7,379.5846191,253.4469454,0,0.4,0.1
7.1,494.2625136,316.1868939,0,0.4,0.1
7.2,579.0451187,339.1839606,0,0.4,0.1
7.3,634.9178911,351.7019255,0,0.4,0.1
7.4,654.3015533,364.5365888,0,0.4,0.1
7.5,617.5873016,329.4444876,0,0.4,0.1
7.6,599.16,311.3412295,0,0.4,0.1
7.7,563.28125,349.6440126,0,0.4,0.1
7.8,602.5454545,321.804248,0,0.4,0.1
7.9,402.6,399.9381063,0,0.4,0.1
8,1,NA,0,0.4,0.1
8.1,NA,NA,0,0.4,0.1
8.2,NA,NA,0,0.4,0.1
8.3,NA,NA,0,0.4,0.1
8.4,NA,NA,0,0.4,0.1
8.5,NA,NA,0,0.4,0.1
8.6,NA,NA,0,0.4,0.1
8.7,NA,NA,0,0.4,0.1
8.8,NA,NA,0,0.4,0.1
8.9,NA,NA,0,0.4,0.1
9,NA,NA,0,0.4,0.1
9.1,NA,NA,0,0.4,0.1
9.2,NA,NA,0,0.4,0.1
9.3,NA,NA,0,0.4,0.1
9.4,NA,NA,0,0.4,0.1
9.5,NA,NA,0,0.4,0.1
9.6,NA,NA,0,0.4,0.1
9.7,NA,NA,0,0.4,0.1
9.8,NA,NA,0,0.4,0.1
9.9,NA,NA,0,0.4,0.1
10,NA,NA,0,0.4,0.1
1,NA,NA,0,0.4,0.5
1.1,NA,NA,0,0.4,0.5
1.2,0,NA,0,0.4,0.5
1.3,0,0,0,0.4,0.5
1.4,0,0,0,0.4,0.5
1.5,0,0,0,0.4,0.5
1.6,0,NA,0,0.4,0.5
1.7,0,0,0,0.4,0.5
1.8,0,0,0,0.4,0.5
1.9,0,0,0,0.4,0.5
2,0,0,0,0.4,0.5
2.1,0,0,0,0.4,0.5
2.2,0,0,0,0.4,0.5
2.3,0,0,0,0.4,0.5
2.4,0,0,0,0.4,0.5
2.5,0,0,0,0.4,0.5
2.6,0,0,0,0.4,0.5
2.7,0,0,0,0.4,0.5
2.8,0,0,0,0.4,0.5
2.9,0.004237288,0.065094455,0,0.4,0.5
3,0.003039514,0.055131785,0,0.4,0.5
3.1,0.004484305,0.066889669,0,0.4,0.5
3.2,0.005649718,0.075022649,0,0.4,0.5
3.3,0.012383901,0.110677468,0,0.4,0.5
3.4,0.009929078,0.099219228,0,0.4,0.5
3.5,0.012345679,0.121163209,0,0.4,0.5
3.6,0.010449321,0.101739611,0,0.4,0.5
3.7,0.017629775,0.131666036,0,0.4,0.5
3.8,0.036398467,0.20682705,0,0.4,0.5
3.9,0.033820841,0.195438908,0,0.4,0.5
4,0.032984714,0.183119389,0,0.4,0.5
4.1,0.074352548,0.303797899,0,0.4,0.5
4.2,0.094325153,0.317557358,0,0.4,0.5
4.3,0.134831461,0.396853719,0,0.4,0.5
4.4,0.161857847,0.433437533,0,0.4,0.5
4.5,0.231274639,0.575977189,0,0.4,0.5
4.6,0.347960445,0.68966138,0,0.4,0.5
4.7,0.489010989,0.802956405,0,0.4,0.5
4.8,0.636663525,0.935664457,0,0.4,0.5
4.9,0.884268341,1.201264895,0,0.4,0.5
5,1.150569106,1.466086646,0,0.4,0.5
5.1,1.620335316,1.733451903,0,0.4,0.5
5.2,2.152057661,2.181025697,0,0.4,0.5
5.3,2.779397473,2.651205605,0,0.4,0.5
5.4,3.70699149,3.290189453,0,0.4,0.5
5.5,4.914912028,4.199925787,0,0.4,0.5
5.6,6.5483831,5.117344906,0,0.4,0.5
5.7,8.556089044,6.365647141,0,0.4,0.5
5.8,11.58971648,8.312624208,0,0.4,0.5
5.9,15.17077618,10.20217219,0,0.4,0.5
6,20.24268824,13.48800067,0,0.4,0.5
6.1,26.63849183,17.16072075,0,0.4,0.5
6.2,35.3313669,22.44851541,0,0.4,0.5
6.3,47.48656472,29.68955365,0,0.4,0.5
6.4,63.76381695,39.14607291,0,0.4,0.5
6.5,86.23388895,53.12631228,0,0.4,0.5
6.6,115.8608776,72.64158663,0,0.4,0.5
6.7,159.1835623,102.9261816,0,0.4,0.5
6.8,220.7370041,147.5306081,0,0.4,0.5
6.9,300.9547146,198.9829824,0,0.4,0.5
7,407.5978282,262.0386602,0,0.4,0.5
7.1,511.6184167,302.9545929,0,0.4,0.5
7.2,615.5089111,342.1387673,0,0.4,0.5
7.3,685.579045,369.8419097,0,0.4,0.5
7.4,724.8409485,392.0832797,0,0.4,0.5
7.5,666.7150442,344.4565231,0,0.4,0.5
7.6,673.9545455,375.6721643,0,0.4,0.5
7.7,577.7804878,318.9493308,0,0.4,0.5
7.8,470.4827586,298.3574822,0,0.4,0.5
7.9,558,434.8559696,0,0.4,0.5
8,682,329.51176,0,0.4,0.5
8.1,337.6666667,158.3708727,0,0.4,0.5
8.2,844,NA,0,0.4,0.5
8.3,607,NA,0,0.4,0.5
8.4,NA,NA,0,0.4,0.5
8.5,NA,NA,0,0.4,0.5
8.6,NA,NA,0,0.4,0.5
8.7,NA,NA,0,0.4,0.5
8.8,NA,NA,0,0.4,0.5
8.9,NA,NA,0,0.4,0.5
9,NA,NA,0,0.4,0.5
9.1,NA,NA,0,0.4,0.5
9.2,NA,NA,0,0.4,0.5
9.3,NA,NA,0,0.4,0.5
9.4,NA,NA,0,0.4,0.5
9.5,NA,NA,0,0.4,0.5
9.6,NA,NA,0,0.4,0.5
9.7,NA,NA,0,0.4,0.5
9.8,NA,NA,0,0.4,0.5
9.9,NA,NA,0,0.4,0.5
10,NA,NA,0,0.4,0.5
1,NA,NA,0,0.4,1
1.1,0,NA,0,0.4,1
1.2,NA,NA,0,0.4,1
1.3,NA,NA,0,0.4,1
1.4,0,0,0,0.4,1
1.5,0,0,0,0.4,1
1.6,0,0,0,0.4,1
1.7,0,0,0,0.4,1
1.8,0,0,0,0.4,1
1.9,0,0,0,0.4,1
2,0,0,0,0.4,1
2.1,0,0,0,0.4,1
2.2,0,0,0,0.4,1
2.3,0,0,0,0.4,1
2.4,0,0,0,0.4,1
2.5,0,0,0,0.4,1
2.6,0.009090909,0.095346259,0,0.4,1
2.7,0,0,0,0.4,1
2.8,0.004651163,0.068199434,0,0.4,1
2.9,0.003546099,0.059549133,0,0.4,1
3,0.00286533,0.053528773,0,0.4,1
3.1,0.004366812,0.066009521,0,0.4,1
3.2,0.001869159,0.04323377,0,0.4,1
3.3,0.012965964,0.113219362,0,0.4,1
3.4,0.00729927,0.085185587,0,0.4,1
3.5,0.00482509,0.08498863,0,0.4,1
3.6,0.016241299,0.135347541,0,0.4,1
3.7,0.015686275,0.124319619,0,0.4,1
3.8,0.025247971,0.162596977,0,0.4,1
3.9,0.033129904,0.193121379,0,0.4,1
4,0.047504026,0.227442889,0,0.4,1
4.1,0.04808476,0.228768957,0,0.4,1
4.2,0.081039755,0.31222207,0,0.4,1
4.3,0.112915129,0.356128022,0,0.4,1
4.4,0.15084621,0.408016618,0,0.4,1
4.5,0.249001332,0.554115787,0,0.4,1
4.6,0.332941867,0.634969008,0,0.4,1
4.7,0.443516973,0.755645778,0,0.4,1
4.8,0.611687088,0.949460791,0,0.4,1
4.9,0.84296875,1.096171432,0,0.4,1
5,1.124324324,1.367098625,0,0.4,1
5.1,1.509311512,1.628639802,0,0.4,1
5.2,2.09069382,2.047300927,0,0.4,1
5.3,2.742457542,2.511644654,0,0.4,1
5.4,3.572057012,3.097194818,0,0.4,1
5.5,4.770756253,3.872561045,0,0.4,1
5.6,6.322580645,4.801862626,0,0.4,1
5.7,8.476222296,6.104711829,0,0.4,1
5.8,11.27701912,7.803816241,0,0.4,1
5.9,14.89223878,9.899243399,0,0.4,1
6,19.56751577,12.8205074,0,0.4,1
6.1,26.0685852,16.31818973,0,0.4,1
6.2,34.7398096,21.10462293,0,0.4,1
6.3,46.18406889,27.48841968,0,0.4,1
6.4,61.91123431,36.98630913,0,0.4,1
6.5,82.81080924,49.09200683,0,0.4,1
6.6,112.2608622,67.53161643,0,0.4,1
6.7,154.5077643,95.23666869,0,0.4,1
6.8,213.0529044,133.433854,0,0.4,1
6.9,293.661511,185.4595695,0,0.4,1
7,396.4706069,248.595006,0,0.4,1
7.1,512.2792444,303.1636381,0,0.4,1
7.2,609.5403963,343.2068464,0,0.4,1
7.3,678.3164332,371.5385712,0,0.4,1
7.4,710.8646362,375.7084035,0,0.4,1
7.5,709.2640902,362.6349197,0,0.4,1
7.6,659.5767442,388.8386404,0,0.4,1
7.7,525,278.3282188,0,0.4,1
7.8,465.2380952,208.7548574,0,0.4,1
7.9,461.4666667,175.6107167,0,0.4,1
8,502.7777778,211.8553621,0,0.4,1
8.1,514,516.2683411,0,0.4,1
8.2,NA,NA,0,0.4,1
8.3,324,NA,0,0.4,1
8.4,338,NA,0,0.4,1
8.5,NA,NA,0,0.4,1
8.6,NA,NA,0,0.4,1
8.7,NA,NA,0,0.4,1
8.8,NA,NA,0,0.4,1
8.9,NA,NA,0,0.4,1
9,NA,NA,0,0.4,1
9.1,NA,NA,0,0.4,1
9.2,NA,NA,0,0.4,1
9.3,NA,NA,0,0.4,1
9.4,NA,NA,0,0.4,1
9.5,NA,NA,0,0.4,1
9.6,NA,NA,0,0.4,1
9.7,NA,NA,0,0.4,1
9.8,NA,NA,0,0.4,1
9.9,NA,NA,0,0.4,1
10,NA,NA,0,0.4,1
1,NA,NA,0.5,0.4,0.1
1.1,0,0,0.5,0.4,0.1
1.2,NA,NA,0.5,0.4,0.1
1.3,NA,NA,0.5,0.4,0.1
1.4,NA,NA,0.5,0.4,0.1
1.5,0,0,0.5,0.4,0.1
1.6,0,0,0.5,0.4,0.1
1.7,0,0,0.5,0.4,0.1
1.8,0,0,0.5,0.4,0.1
1.9,0,0,0.5,0.4,0.1
2,0,0,0.5,0.4,0.1
2.1,0,0,0.5,0.4,0.1
2.2,0,0,0.5,0.4,0.1
2.3,0,0,0.5,0.4,0.1
2.4,0,0,0.5,0.4,0.1
2.5,0.013157895,0.114707867,0.5,0.4,0.1
2.6,0.009345794,0.096673649,0.5,0.4,0.1
2.7,0,0,0.5,0.4,0.1
2.8,0.005208333,0.072168784,0.5,0.4,0.1
2.9,2.003676471,27.57378537,0.5,0.4,0.1
3,0.359735974,6.261886387,0.5,0.4,0.1
3.1,0.026190476,0.303959176,0.5,0.4,0.1
3.2,0.010040161,0.134192564,0.5,0.4,0.1
3.3,0.010186757,0.174666249,0.5,0.4,0.1
3.4,0.089032258,1.922549709,0.5,0.4,0.1
3.5,0.147521161,3.518887539,0.5,0.4,0.1
3.6,2.314109166,35.5772022,0.5,0.4,0.1
3.7,2.118259224,27.10798792,0.5,0.4,0.1
3.8,3.08153702,46.01877733,0.5,0.4,0.1
3.9,6.901943463,63.00642127,0.5,0.4,0.1
4,11.37742207,80.15533462,0.5,0.4,0.1
4.1,16.0723192,101.5764947,0.5,0.4,0.1
4.2,11.39060206,73.60549867,0.5,0.4,0.1
4.3,21.98819188,116.8083111,0.5,0.4,0.1
4.4,24.13253012,115.9877109,0.5,0.4,0.1
4.5,20.12901113,101.4611715,0.5,0.4,0.1
4.6,15.49694377,89.87204286,0.5,0.4,0.1
4.7,9.160242291,67.19540343,0.5,0.4,0.1
4.8,3.569677712,35.18699273,0.5,0.4,0.1
4.9,2.488390713,26.51569656,0.5,0.4,0.1
5,4.631953867,55.0819905,0.5,0.4,0.1
5.1,3.334401398,40.67276637,0.5,0.4,0.1
5.2,5.594269203,74.77927273,0.5,0.4,0.1
5.3,5.92451315,75.72590027,0.5,0.4,0.1
5.4,7.979081633,82.71421793,0.5,0.4,0.1
5.5,16.00369844,123.7561278,0.5,0.4,0.1
5.6,20.11091637,134.5772581,0.5,0.4,0.1
5.7,36.84174336,189.1052129,0.5,0.4,0.1
5.8,51.73577879,220.887434,0.5,0.4,0.1
5.9,70.60149938,249.9310221,0.5,0.4,0.1
6,91.01410948,276.1474707,0.5,0.4,0.1
6.1,117.0076831,307.6991783,0.5,0.4,0.1
6.2,135.9412127,321.5077005,0.5,0.4,0.1
6.3,156.3001497,335.0742894,0.5,0.4,0.1
6.4,164.0748409,333.1987522,0.5,0.4,0.1
6.5,171.8817804,329.0576147,0.5,0.4,0.1
6.6,173.2959311,321.1888382,0.5,0.4,0.1
6.7,168.8722151,307.6877117,0.5,0.4,0.1
6.8,159.1262712,283.214703,0.5,0.4,0.1
6.9,159.9623053,273.7126567,0.5,0.4,0.1
7,153.99245,247.5433513,0.5,0.4,0.1
7.1,165.1910957,240.3443648,0.5,0.4,0.1
7.2,168.3249078,223.9349068,0.5,0.4,0.1
7.3,186.1399341,217.3776818,0.5,0.4,0.1
7.4,201.7969753,205.9275946,0.5,0.4,0.1
7.5,225.8658802,212.3558496,0.5,0.4,0.1
7.6,251.7819056,218.5715323,0.5,0.4,0.1
7.7,276.8813019,234.4087668,0.5,0.4,0.1
7.8,287.9050279,256.3600981,0.5,0.4,0.1
7.9,300.2428058,260.6381781,0.5,0.4,0.1
8,338.4191419,277.8597708,0.5,0.4,0.1
8.1,339.8058824,285.5489532,0.5,0.4,0.1
8.2,280.0779221,204.05693,0.5,0.4,0.1
8.3,264.6923077,200.9907243,0.5,0.4,0.1
8.4,283.6666667,279.9441611,0.5,0.4,0.1
8.5,414,180.7060228,0.5,0.4,0.1
8.6,345.5,411.8498917,0.5,0.4,0.1
8.7,218,NA,0.5,0.4,0.1
8.8,450,21.21320344,0.5,0.4,0.1
8.9,327,NA,0.5,0.4,0.1
9,NA,NA,0.5,0.4,0.1
9.1,0,NA,0.5,0.4,0.1
9.2,NA,NA,0.5,0.4,0.1
9.3,NA,NA,0.5,0.4,0.1
9.4,NA,NA,0.5,0.4,0.1
9.5,NA,NA,0.5,0.4,0.1
9.6,NA,NA,0.5,0.4,0.1
9.7,NA,NA,0.5,0.4,0.1
9.8,NA,NA,0.5,0.4,0.1
9.9,NA,NA,0.5,0.4,0.1
10,NA,NA,0.5,0.4,0.1
1,0,NA,0.5,0.4,0.5
1.1,NA,NA,0.5,0.4,0.5
1.2,0,0,0.5,0.4,0.5
1.3,0,NA,0.5,0.4,0.5
1.4,0,0,0.5,0.4,0.5
1.5,0,0,0.5,0.4,0.5
1.6,0,0,0.5,0.4,0.5
1.7,0.083333333,0.288675135,0.5,0.4,0.5
1.8,0,0,0.5,0.4,0.5
1.9,0,0,0.5,0.4,0.5
2,0,0,0.5,0.4,0.5
2.1,0,0,0.5,0.4,0.5
2.2,0,0,0.5,0.4,0.5
2.3,0,0,0.5,0.4,0.5
2.4,0.013513514,0.116247639,0.5,0.4,0.5
2.5,0.035294118,0.24137793,0.5,0.4,0.5
2.6,0,0,0.5,0.4,0.5
2.7,0.031446541,0.326496237,0.5,0.4,0.5
2.8,0.014851485,0.121258852,0.5,0.4,0.5
2.9,0.128205128,1.940770788,0.5,0.4,0.5
3,0.005952381,0.109108945,0.5,0.4,0.5
3.1,0.018867925,0.193567092,0.5,0.4,0.5
3.2,0.035087719,0.543729204,0.5,0.4,0.5
3.3,0.018242123,0.145812745,0.5,0.4,0.5
3.4,0.016483516,0.180942808,0.5,0.4,0.5
3.5,0.016110472,0.158384898,0.5,0.4,0.5
3.6,0.019567456,0.199556773,0.5,0.4,0.5
3.7,0.036168133,0.309126949,0.5,0.4,0.5
3.8,0.145393068,2.139981259,0.5,0.4,0.5
3.9,0.090136054,1.015809321,0.5,0.4,0.5
4,0.542048293,8.353149434,0.5,0.4,0.5
4.1,1.713509317,28.90881741,0.5,0.4,0.5
4.2,1.634858044,18.07700662,0.5,0.4,0.5
4.3,2.015555556,31.47864153,0.5,0.4,0.5
4.4,2.123344948,19.04013173,0.5,0.4,0.5
4.5,3.163804491,22.02986281,0.5,0.4,0.5
4.6,3.778978979,32.24331572,0.5,0.4,0.5
4.7,2.979854505,26.51791926,0.5,0.4,0.5
4.8,3.731084337,33.72795144,0.5,0.4,0.5
4.9,4.084170854,39.84713186,0.5,0.4,0.5
5,2.554146676,29.61088609,0.5,0.4,0.5
5.1,2.319964871,29.20627542,0.5,0.4,0.5
5.2,2.405697446,24.71470119,0.5,0.4,0.5
5.3,3.788220809,49.78662073,0.5,0.4,0.5
5.4,6.542697804,80.86799686,0.5,0.4,0.5
5.5,8.554836768,79.67395355,0.5,0.4,0.5
5.6,11.48529788,95.66952599,0.5,0.4,0.5
5.7,19.12346939,129.1228621,0.5,0.4,0.5
5.8,28.61004996,161.1721613,0.5,0.4,0.5
5.9,38.35237512,175.0643453,0.5,0.4,0.5
6,60.19586311,232.0716096,0.5,0.4,0.5
6.1,84.32976852,266.245999,0.5,0.4,0.5
6.2,121.3258384,316.1136703,0.5,0.4,0.5
6.3,151.3376776,345.2766732,0.5,0.4,0.5
6.4,177.0319072,358.6994417,0.5,0.4,0.5
6.5,195.545569,362.237254,0.5,0.4,0.5
6.6,208.4012494,363.5663076,0.5,0.4,0.5
6.7,215.2721466,355.1203349,0.5,0.4,0.5
6.8,211.6467473,340.6033541,0.5,0.4,0.5
6.9,212.5914574,322.0883159,0.5,0.4,0.5
7,204.9766639,297.2625581,0.5,0.4,0.5
7.1,202.4608182,276.079866,0.5,0.4,0.5
7.2,202.8167127,252.7246453,0.5,0.4,0.5
7.3,209.9953815,239.6863176,0.5,0.4,0.5
7.4,230.0357306,240.2763045,0.5,0.4,0.5
7.5,252.3413174,244.0175992,0.5,0.4,0.5
7.6,268.5899083,228.2325563,0.5,0.4,0.5
7.7,287.794197,240.1535496,0.5,0.4,0.5
7.8,319.3563596,261.1995784,0.5,0.4,0.5
7.9,319.8718412,245.3442424,0.5,0.4,0.5
8,326.5855072,278.1218558,0.5,0.4,0.5
8.1,283.0214286,259.9391314,0.5,0.4,0.5
8.2,303.6428571,247.8507052,0.5,0.4,0.5
8.3,191.2765957,201.323955,0.5,0.4,0.5
8.4,139.5217391,205.9251562,0.5,0.4,0.5
8.5,194.6363636,239.6744762,0.5,0.4,0.5
8.6,211.5,205.0424909,0.5,0.4,0.5
8.7,222.5714286,144.3362476,0.5,0.4,0.5
8.8,319.8888889,278.6061039,0.5,0.4,0.5
8.9,407.7142857,212.8855047,0.5,0.4,0.5
9,0,NA,0.5,0.4,0.5
9.1,887,NA,0.5,0.4,0.5
9.2,NA,NA,0.5,0.4,0.5
9.3,NA,NA,0.5,0.4,0.5
9.4,NA,NA,0.5,0.4,0.5
9.5,NA,NA,0.5,0.4,0.5
9.6,NA,NA,0.5,0.4,0.5
9.7,NA,NA,0.5,0.4,0.5
9.8,NA,NA,0.5,0.4,0.5
9.9,NA,NA,0.5,0.4,0.5
10,NA,NA,0.5,0.4,0.5
1,NA,NA,0.5,0.4,1
1.1,NA,NA,0.5,0.4,1
1.2,NA,NA,0.5,0.4,1
1.3,0,0,0.5,0.4,1
1.4,0,0,0.5,0.4,1
1.5,0,0,0.5,0.4,1
1.6,0,0,0.5,0.4,1
1.7,0,0,0.5,0.4,1
1.8,0,0,0.5,0.4,1
1.9,0,0,0.5,0.4,1
2,0,0,0.5,0.4,1
2.1,0,0,0.5,0.4,1
2.2,0,0,0.5,0.4,1
2.3,0,0,0.5,0.4,1
2.4,0.016666667,0.129099445,0.5,0.4,1
2.5,0,0,0.5,0.4,1
2.6,0.009345794,0.096673649,0.5,0.4,1
2.7,0,0,0.5,0.4,1
2.8,0.004784689,0.069171446,0.5,0.4,1
2.9,0.010909091,0.104064703,0.5,0.4,1
3,0.008955224,0.09434829,0.5,0.4,1
3.1,0.054298643,0.777659773,0.5,0.4,1
3.2,0.012145749,0.155540838,0.5,0.4,1
3.3,0.022364217,0.238954057,0.5,0.4,1
3.4,0.0325,0.272096114,0.5,0.4,1
3.5,0.064475348,0.463492189,0.5,0.4,1
3.6,0.082690187,0.782534398,0.5,0.4,1
3.7,0.159803922,1.170017975,0.5,0.4,1
3.8,0.2386679,2.696778545,0.5,0.4,1
3.9,0.26989936,1.872144881,0.5,0.4,1
4,0.671474359,4.888762993,0.5,0.4,1
4.1,0.729375482,4.332621985,0.5,0.4,1
4.2,1.450351837,10.91339493,0.5,0.4,1
4.3,2.969581749,24.02368794,0.5,0.4,1
4.4,1.958635704,11.15392543,0.5,0.4,1
4.5,3.119307248,23.64676141,0.5,0.4,1
4.6,4.261309524,24.19508617,0.5,0.4,1
4.7,4.37881981,30.95791546,0.5,0.4,1
4.8,3.555607044,26.25262269,0.5,0.4,1
4.9,3.900720576,32.23233252,0.5,0.4,1
5,3.172367084,34.66310598,0.5,0.4,1
5.1,3.862059317,33.65382866,0.5,0.4,1
5.2,3.824664225,43.50491471,0.5,0.4,1
5.3,5.666064257,63.98698726,0.5,0.4,1
5.4,6.894972452,68.83816489,0.5,0.4,1
5.5,11.85767203,95.21942742,0.5,0.4,1
5.6,20.75646341,127.845374,0.5,0.4,1
5.7,28.15980106,160.6394142,0.5,0.4,1
5.8,38.51795698,181.903549,0.5,0.4,1
5.9,58.71001919,237.7756116,0.5,0.4,1
6,73.76559041,256.3679859,0.5,0.4,1
6.1,100.5974834,301.946997,0.5,0.4,1
6.2,122.0230924,321.4264305,0.5,0.4,1
6.3,147.8475523,344.1956801,0.5,0.4,1
6.4,168.5781904,353.0746885,0.5,0.4,1
6.5,189.3786706,360.9297406,0.5,0.4,1
6.6,198.0493997,351.7668995,0.5,0.4,1
6.7,211.3177628,346.3399023,0.5,0.4,1
6.8,223.330433,342.4398629,0.5,0.4,1
6.9,230.4759651,338.5280403,0.5,0.4,1
7,233.1723536,329.6270004,0.5,0.4,1
7.1,240.6752787,319.0318943,0.5,0.4,1
7.2,247.788006,306.4609561,0.5,0.4,1
7.3,247.4983719,277.5031558,0.5,0.4,1
7.4,254.1303448,262.303477,0.5,0.4,1
7.5,272.8100334,253.986508,0.5,0.4,1
7.6,302.3026634,263.9454719,0.5,0.4,1
7.7,327.3385886,263.0375621,0.5,0.4,1
7.8,344.5208333,288.9295829,0.5,0.4,1
7.9,327.5707547,290.5446173,0.5,0.4,1
8,350.7351598,285.7130356,0.5,0.4,1
8.1,284.2713178,242.0952728,0.5,0.4,1
8.2,294.3150685,301.0345531,0.5,0.4,1
8.3,250.5238095,318.0041854,0.5,0.4,1
8.4,192.7647059,250.292711,0.5,0.4,1
8.5,263.2857143,261.3992567,0.5,0.4,1
8.6,139.6666667,124.9893329,0.5,0.4,1
8.7,126.1666667,227.3151263,0.5,0.4,1
8.8,169,239.002092,0.5,0.4,1
8.9,0,NA,0.5,0.4,1
9,NA,NA,0.5,0.4,1
9.1,NA,NA,0.5,0.4,1
9.2,NA,NA,0.5,0.4,1
9.3,NA,NA,0.5,0.4,1
9.4,NA,NA,0.5,0.4,1
9.5,NA,NA,0.5,0.4,1
9.6,NA,NA,0.5,0.4,1
9.7,NA,NA,0.5,0.4,1
9.8,NA,NA,0.5,0.4,1
9.9,NA,NA,0.5,0.4,1
10,NA,NA,0.5,0.4,1
1,NA,NA,1,0.4,0.1
1.1,NA,NA,1,0.4,0.1
1.2,NA,NA,1,0.4,0.1
1.3,NA,NA,1,0.4,0.1
1.4,0,0,1,0.4,0.1
1.5,127.1666667,310.5146803,1,0.4,0.1
1.6,183.5833333,337.8362859,1,0.4,0.1
1.7,99.55555556,297.5433208,1,0.4,0.1
1.8,176,331.1195152,1,0.4,0.1
1.9,146.4117647,286.0006684,1,0.4,0.1
2,41.70588235,117.3098273,1,0.4,0.1
2.1,65.425,207.9694119,1,0.4,0.1
2.2,21.71428571,128.4634467,1,0.4,0.1
2.3,70.52083333,273.0404061,1,0.4,0.1
2.4,108.9027778,427.6001871,1,0.4,0.1
2.5,154.5333333,458.8758854,1,0.4,0.1
2.6,107.3484848,369.6843916,1,0.4,0.1
2.7,185.7595628,467.1135202,1,0.4,0.1
2.8,296.2166065,552.1993674,1,0.4,0.1
2.9,297.3085714,518.4178893,1,0.4,0.1
3,341.1781116,562.6868879,1,0.4,0.1
3.1,265.642735,477.2013308,1,0.4,0.1
3.2,188.0015528,388.3440479,1,0.4,0.1
3.3,135.6369681,318.678893,1,0.4,0.1
3.4,151.3191734,328.9760661,1,0.4,0.1
3.5,117.9361472,286.0626901,1,0.4,0.1
3.6,90.49555775,249.9262801,1,0.4,0.1
3.7,53.73896353,183.0617524,1,0.4,0.1
3.8,50.1115917,167.9537367,1,0.4,0.1
3.9,40.41874463,150.1807433,1,0.4,0.1
4,30.80940795,116.8181522,1,0.4,0.1
4.1,45.83084577,198.9017554,1,0.4,0.1
4.2,36.07237937,168.2024936,1,0.4,0.1
4.3,50.2489992,240.221625,1,0.4,0.1
4.4,63.21048689,302.8685147,1,0.4,0.1
4.5,73.84095563,340.8614027,1,0.4,0.1
4.6,110.2190476,409.9932635,1,0.4,0.1
4.7,146.8380031,471.8637017,1,0.4,0.1
4.8,184.909607,535.2217647,1,0.4,0.1
4.9,196.5422794,547.4120347,1,0.4,0.1
5,229.4236091,571.0819313,1,0.4,0.1
5.1,229.2392683,566.6092852,1,0.4,0.1
5.2,217.1653014,550.8517124,1,0.4,0.1
5.3,196.7525955,525.8033438,1,0.4,0.1
5.4,188.6011785,505.7428099,1,0.4,0.1
5.5,163.2155768,469.1995467,1,0.4,0.1
5.6,145.8907091,442.3442921,1,0.4,0.1
5.7,128.6968824,399.8928953,1,0.4,0.1
5.8,113.1546325,366.1594315,1,0.4,0.1
5.9,100.6378048,336.0446826,1,0.4,0.1
6,90.96342516,310.5057622,1,0.4,0.1
6.1,86.55013471,292.0492644,1,0.4,0.1
6.2,80.82329742,271.444342,1,0.4,0.1
6.3,76.71279147,255.3789356,1,0.4,0.1
6.4,73.16993378,235.7606109,1,0.4,0.1
6.5,74.94192653,219.874503,1,0.4,0.1
6.6,74.55406673,203.541288,1,0.4,0.1
6.7,76.87391212,194.4999302,1,0.4,0.1
6.8,80.40221677,182.0982366,1,0.4,0.1
6.9,88.23595417,178.9336535,1,0.4,0.1
7,94.52565108,167.080844,1,0.4,0.1
7.1,106.3438643,164.1123885,1,0.4,0.1
7.2,125.5305429,164.9788456,1,0.4,0.1
7.3,146.5905304,171.5750716,1,0.4,0.1
7.4,169.6616346,185.2860487,1,0.4,0.1
7.5,199.1993776,188.7215679,1,0.4,0.1
7.6,232.3102526,216.7484268,1,0.4,0.1
7.7,269.8707483,238.775909,1,0.4,0.1
7.8,290.6964286,237.2309644,1,0.4,0.1
7.9,313.1544532,262.1719919,1,0.4,0.1
8,302.9461967,257.5519128,1,0.4,0.1
8.1,311.6173285,248.0767576,1,0.4,0.1
8.2,290.7278107,255.8009303,1,0.4,0.1
8.3,284.4109589,244.2371818,1,0.4,0.1
8.4,303.3793103,239.5410691,1,0.4,0.1
8.5,225.1578947,162.6595843,1,0.4,0.1
8.6,290.2857143,312.3586156,1,0.4,0.1
8.7,263.5,317.9958945,1,0.4,0.1
8.8,288.75,376.2405038,1,0.4,0.1
8.9,67,134,1,0.4,0.1
9,0,NA,1,0.4,0.1
9.1,NA,NA,1,0.4,0.1
9.2,0,NA,1,0.4,0.1
9.3,0,NA,1,0.4,0.1
9.4,NA,NA,1,0.4,0.1
9.5,NA,NA,1,0.4,0.1
9.6,NA,NA,1,0.4,0.1
9.7,NA,NA,1,0.4,0.1
9.8,NA,NA,1,0.4,0.1
9.9,NA,NA,1,0.4,0.1
10,NA,NA,1,0.4,0.1
1,0,NA,1,0.4,0.5
1.1,0,NA,1,0.4,0.5
1.2,0,NA,1,0.4,0.5
1.3,0,0,1,0.4,0.5
1.4,NA,NA,1,0.4,0.5
1.5,0,0,1,0.4,0.5
1.6,0,0,1,0.4,0.5
1.7,0,0,1,0.4,0.5
1.8,0,0,1,0.4,0.5
1.9,0,0,1,0.4,0.5
2,0,0,1,0.4,0.5
2.1,86.94736842,282.0721881,1,0.4,0.5
2.2,27.94736842,165.4219743,1,0.4,0.5
2.3,16.93877551,81.36527929,1,0.4,0.5
2.4,9.797101449,65.42363751,1,0.4,0.5
2.5,9.273809524,59.29350138,1,0.4,0.5
2.6,2.288461538,16.38533152,1,0.4,0.5
2.7,1.948148148,15.01010531,1,0.4,0.5
2.8,11.77777778,105.7593848,1,0.4,0.5
2.9,4.396694215,60.54098839,1,0.4,0.5
3,1.557275542,16.17006766,1,0.4,0.5
3.1,12.76160338,102.7285063,1,0.4,0.5
3.2,16.72972973,123.1681413,1,0.4,0.5
3.3,24.60188088,141.1375343,1,0.4,0.5
3.4,34.61324503,189.5340688,1,0.4,0.5
3.5,59.44769404,230.6048105,1,0.4,0.5
3.6,84.52385496,262.3995281,1,0.4,0.5
3.7,93.28634752,271.0415228,1,0.4,0.5
3.8,101.2816456,288.2018896,1,0.4,0.5
3.9,107.0305164,296.4043776,1,0.4,0.5
4,80.75172944,236.7956191,1,0.4,0.5
4.1,70.34004648,216.9741987,1,0.4,0.5
4.2,58.61801242,216.2806568,1,0.4,0.5
4.3,27.91659984,128.6644301,1,0.4,0.5
4.4,18.74793698,96.77854394,1,0.4,0.5
4.5,12.08055152,77.61709854,1,0.4,0.5
4.6,9.460369881,61.50917654,1,0.4,0.5
4.7,16.09018718,102.2269033,1,0.4,0.5
4.8,16.13224299,98.72990431,1,0.4,0.5
4.9,16.62662866,103.7233054,1,0.4,0.5
5,16.69536424,105.4469968,1,0.4,0.5
5.1,16.73672505,110.9841801,1,0.4,0.5
5.2,17.84859323,120.0203644,1,0.4,0.5
5.3,18.5112797,119.8294912,1,0.4,0.5
5.4,23.69815825,146.4142391,1,0.4,0.5
5.5,25.94433169,157.0940936,1,0.4,0.5
5.6,27.96847071,163.8072144,1,0.4,0.5
5.7,32.18951745,164.9888646,1,0.4,0.5
5.8,40.12900741,181.9215129,1,0.4,0.5
5.9,54.07389586,219.5661992,1,0.4,0.5
6,71.52335238,252.3512429,1,0.4,0.5
6.1,92.29504585,280.0969391,1,0.4,0.5
6.2,117.1082351,308.1300184,1,0.4,0.5
6.3,141.4053365,329.4864135,1,0.4,0.5
6.4,160.9389671,338.278137,1,0.4,0.5
6.5,173.1990478,339.3684621,1,0.4,0.5
6.6,183.525163,335.7972258,1,0.4,0.5
6.7,190.4831863,336.6068992,1,0.4,0.5
6.8,185.4950157,320.8512472,1,0.4,0.5
6.9,183.5761595,310.3381905,1,0.4,0.5
7,177.4909502,292.8282569,1,0.4,0.5
7.1,179.9967285,280.2523686,1,0.4,0.5
7.2,172.8676273,256.1759409,1,0.4,0.5
7.3,182.127598,250.5934947,1,0.4,0.5
7.4,183.8440069,216.2329971,1,0.4,0.5
7.5,202.0216093,211.9601919,1,0.4,0.5
7.6,229.5986918,214.1223205,1,0.4,0.5
7.7,256.6324557,224.1295547,1,0.4,0.5
7.8,271.995,229.4439047,1,0.4,0.5
7.9,338.1521164,267.9712684,1,0.4,0.5
8,345.5681818,275.6320661,1,0.4,0.5
8.1,318.3700441,234.3559704,1,0.4,0.5
8.2,298.0625,246.112076,1,0.4,0.5
8.3,344.2954545,293.5866878,1,0.4,0.5
8.4,237.85,224.4216602,1,0.4,0.5
8.5,278.5,162.8484299,1,0.4,0.5
8.6,355.6666667,247.0411572,1,0.4,0.5
8.7,136,NA,1,0.4,0.5
8.8,0,NA,1,0.4,0.5
8.9,NA,NA,1,0.4,0.5
9,NA,NA,1,0.4,0.5
9.1,NA,NA,1,0.4,0.5
9.2,0,NA,1,0.4,0.5
9.3,NA,NA,1,0.4,0.5
9.4,NA,NA,1,0.4,0.5
9.5,NA,NA,1,0.4,0.5
9.6,NA,NA,1,0.4,0.5
9.7,NA,NA,1,0.4,0.5
9.8,NA,NA,1,0.4,0.5
9.9,NA,NA,1,0.4,0.5
10,NA,NA,1,0.4,0.5
1,NA,NA,1,0.4,1
1.1,NA,NA,1,0.4,1
1.2,0,NA,1,0.4,1
1.3,NA,NA,1,0.4,1
1.4,0,0,1,0.4,1
1.5,0,0,1,0.4,1
1.6,0,0,1,0.4,1
1.7,0,0,1,0.4,1
1.8,0,0,1,0.4,1
1.9,0,0,1,0.4,1
2,0,0,1,0.4,1
2.1,2.56,12.8,1,0.4,1
2.2,0,0,1,0.4,1
2.3,0,0,1,0.4,1
2.4,1.046153846,8.434361952,1,0.4,1
2.5,0.552631579,4.476292325,1,0.4,1
2.6,0.029411765,0.20874143,1,0.4,1
2.7,0.00621118,0.078811041,1,0.4,1
2.8,5.104477612,50.70763286,1,0.4,1
2.9,0.891696751,14.00785894,1,0.4,1
3,0.035820896,0.307443336,1,0.4,1
3.1,0.410377358,6.734862957,1,0.4,1
3.2,0.156015038,2.073076788,1,0.4,1
3.3,1.198996656,19.51854847,1,0.4,1
3.4,3.098201936,42.72086212,1,0.4,1
3.5,4.830188679,65.96346668,1,0.4,1
3.6,10.61671764,70.79644495,1,0.4,1
3.7,23.50479846,138.6535724,1,0.4,1
3.8,24.73181818,134.8320287,1,0.4,1
3.9,47.11900826,191.1476481,1,0.4,1
4,57.72294705,206.5259735,1,0.4,1
4.1,58.70165349,198.3771373,1,0.4,1
4.2,49.39218524,174.6862201,1,0.4,1
4.3,38.96002907,147.9802709,1,0.4,1
4.4,40.02861446,152.3407341,1,0.4,1
4.5,26.11896669,124.2803452,1,0.4,1
4.6,18.62219371,103.9967798,1,0.4,1
4.7,11.75795455,81.79313223,1,0.4,1
4.8,8.987636004,77.10831715,1,0.4,1
4.9,9.237585616,79.46118641,1,0.4,1
5,10.72379603,90.72968763,1,0.4,1
5.1,13.529962,111.3795447,1,0.4,1
5.2,12.08420286,103.3414406,1,0.4,1
5.3,14.59072417,108.1777131,1,0.4,1
5.4,15.85317939,110.4299196,1,0.4,1
5.5,22.08425174,140.5419377,1,0.4,1
5.6,18.308,120.2485595,1,0.4,1
5.7,33.19344226,171.792185,1,0.4,1
5.8,38.61393634,188.9408841,1,0.4,1
5.9,55.02049743,223.8282217,1,0.4,1
6,76.61792236,259.6142263,1,0.4,1
6.1,95.05714286,290.9286069,1,0.4,1
6.2,118.8244338,313.0261851,1,0.4,1
6.3,142.4863893,336.3545906,1,0.4,1
6.4,161.4069781,344.7879839,1,0.4,1
6.5,177.053382,351.0424207,1,0.4,1
6.6,187.8679764,351.2887043,1,0.4,1
6.7,191.3789836,337.9292407,1,0.4,1
6.8,199.8826443,332.1758257,1,0.4,1
6.9,191.0622104,307.7319063,1,0.4,1
7,200.7413884,304.8352733,1,0.4,1
7.1,199.6975971,280.0025634,1,0.4,1
7.2,201.3368195,263.325423,1,0.4,1
7.3,208.3359164,251.0303003,1,0.4,1
7.4,217.1663397,229.5282378,1,0.4,1
7.5,239.7176743,226.2591276,1,0.4,1
7.6,271.9679616,241.9974036,1,0.4,1
7.7,304.3153252,249.5166686,1,0.4,1
7.8,335.803016,263.0983349,1,0.4,1
7.9,364.4325452,276.7095218,1,0.4,1
8,400.0636132,294.6543089,1,0.4,1
8.1,396.8431373,301.6158045,1,0.4,1
8.2,358.9090909,278.0484501,1,0.4,1
8.3,318.2666667,286.529183,1,0.4,1
8.4,297.2380952,275.5886254,1,0.4,1
8.5,270,206.2023971,1,0.4,1
8.6,373.7142857,333.7452693,1,0.4,1
8.7,59.4,132.8224379,1,0.4,1
8.8,0,NA,1,0.4,1
8.9,NA,NA,1,0.4,1
9,0,NA,1,0.4,1
9.1,0,NA,1,0.4,1
9.2,0,0,1,0.4,1
9.3,NA,NA,1,0.4,1
9.4,NA,NA,1,0.4,1
9.5,NA,NA,1,0.4,1
9.6,0,0,1,0.4,1
9.7,NA,NA,1,0.4,1
9.8,NA,NA,1,0.4,1
9.9,NA,NA,1,0.4,1
10,NA,NA,1,0.4,1
1,NA,NA,0,2,0.1
1.1,NA,NA,0,2,0.1
1.2,NA,NA,0,2,0.1
1.3,0,NA,0,2,0.1
1.4,0,0,0,2,0.1
1.5,0,NA,0,2,0.1
1.6,0,0,0,2,0.1
1.7,0,0,0,2,0.1
1.8,0,0,0,2,0.1
1.9,0,0,0,2,0.1
2,0,0,0,2,0.1
2.1,0,0,0,2,0.1
2.2,0,0,0,2,0.1
2.3,0,0,0,2,0.1
2.4,0.016949153,0.130188911,0,2,0.1
2.5,0.025974026,0.160100788,0,2,0.1
2.6,0,0,0,2,0.1
2.7,0.013605442,0.16495722,0,2,0.1
2.8,0.039408867,0.195046695,0,2,0.1
2.9,0.036,0.186663798,0,2,0.1
3,0.054487179,0.241070215,0,2,0.1
3.1,0.065533981,0.247766581,0,2,0.1
3.2,0.080769231,0.293171129,0,2,0.1
3.3,0.122416534,0.346901496,0,2,0.1
3.4,0.160477454,0.421188838,0,2,0.1
3.5,0.242316785,0.500088819,0,2,0.1
3.6,0.329059829,0.576407436,0,2,0.1
3.7,0.46993988,0.7363592,0,2,0.1
3.8,0.649621212,0.897790784,0,2,0.1
3.9,0.950554135,1.135500724,0,2,0.1
4,1.34258525,1.346955171,0,2,0.1
4.1,1.942604857,1.637988632,0,2,0.1
4.2,2.777866242,2.085240235,0,2,0.1
4.3,3.832522585,2.593540433,0,2,0.1
4.4,5.301886792,3.313493801,0,2,0.1
4.5,7.573147562,4.334135257,0,2,0.1
4.6,10.60298336,5.673839927,0,2,0.1
4.7,13.99083036,6.874283762,0,2,0.1
4.8,19.41698842,8.953880096,0,2,0.1
4.9,26.35743724,11.51022954,0,2,0.1
5,35.39906787,15.15995981,0,2,0.1
5.1,47.44895985,19.77913817,0,2,0.1
5.2,64.03475936,26.48591442,0,2,0.1
5.3,86.00188597,34.47111169,0,2,0.1
5.4,115.8110218,47.46989755,0,2,0.1
5.5,160.666724,66.00700826,0,2,0.1
5.6,225.8376475,94.8548785,0,2,0.1
5.7,329.7529609,149.5616114,0,2,0.1
5.8,521.5424521,267.2308873,0,2,0.1
5.9,851.9777039,446.1807136,0,2,0.1
6,1133.494931,514.8051806,0,2,0.1
6.1,1225.090722,510.6186219,0,2,0.1
6.2,1164.502442,464.4917655,0,2,0.1
6.3,1049.308974,416.1031806,0,2,0.1
6.4,896.6521739,334.25927,0,2,0.1
6.5,968,216.9414668,0,2,0.1
6.6,NA,NA,0,2,0.1
6.7,NA,NA,0,2,0.1
6.8,NA,NA,0,2,0.1
6.9,NA,NA,0,2,0.1
7,NA,NA,0,2,0.1
7.1,NA,NA,0,2,0.1
7.2,NA,NA,0,2,0.1
7.3,NA,NA,0,2,0.1
7.4,NA,NA,0,2,0.1
7.5,NA,NA,0,2,0.1
7.6,NA,NA,0,2,0.1
7.7,NA,NA,0,2,0.1
7.8,NA,NA,0,2,0.1
7.9,NA,NA,0,2,0.1
8,NA,NA,0,2,0.1
8.1,NA,NA,0,2,0.1
8.2,NA,NA,0,2,0.1
8.3,NA,NA,0,2,0.1
8.4,NA,NA,0,2,0.1
8.5,NA,NA,0,2,0.1
8.6,NA,NA,0,2,0.1
8.7,NA,NA,0,2,0.1
8.8,NA,NA,0,2,0.1
8.9,NA,NA,0,2,0.1
9,NA,NA,0,2,0.1
9.1,NA,NA,0,2,0.1
9.2,NA,NA,0,2,0.1
9.3,NA,NA,0,2,0.1
9.4,NA,NA,0,2,0.1
9.5,NA,NA,0,2,0.1
9.6,NA,NA,0,2,0.1
9.7,NA,NA,0,2,0.1
9.8,NA,NA,0,2,0.1
9.9,NA,NA,0,2,0.1
10,NA,NA,0,2,0.1
1,NA,NA,0,2,0.5
1.1,NA,NA,0,2,0.5
1.2,0,0,0,2,0.5
1.3,0,0,0,2,0.5
1.4,NA,NA,0,2,0.5
1.5,0,0,0,2,0.5
1.6,0,0,0,2,0.5
1.7,0,0,0,2,0.5
1.8,0.083333333,0.288675135,0,2,0.5
1.9,0,0,0,2,0.5
2,0,0,0,2,0.5
2.1,0,0,0,2,0.5
2.2,0.027027027,0.164398987,0,2,0.5
2.3,0.035087719,0.185637154,0,2,0.5
2.4,0.049180328,0.21803895,0,2,0.5
2.5,0.04,0.197278785,0,2,0.5
2.6,0.037037037,0.189733011,0,2,0.5
2.7,0.046875,0.21220162,0,2,0.5
2.8,0.04519774,0.234016536,0,2,0.5
2.9,0.0875,0.337121087,0,2,0.5
3,0.072100313,0.282295692,0,2,0.5
3.1,0.126550868,0.38808724,0,2,0.5
3.2,0.113924051,0.361603492,0,2,0.5
3.3,0.19047619,0.426280348,0,2,0.5
3.4,0.208100559,0.467088912,0,2,0.5
3.5,0.292253521,0.559323153,0,2,0.5
3.6,0.432882414,0.692159149,0,2,0.5
3.7,0.658178257,0.882123225,0,2,0.5
3.8,0.89899909,1.044453169,0,2,0.5
3.9,1.321368948,1.280035294,0,2,0.5
4,1.798845837,1.606740747,0,2,0.5
4.1,2.50234375,1.971254124,0,2,0.5
4.2,3.502283105,2.436160244,0,2,0.5
4.3,4.755102041,3.152533388,0,2,0.5
4.4,6.691155492,3.966784857,0,2,0.5
4.5,9.287327478,4.941999058,0,2,0.5
4.6,12.81892049,6.067922895,0,2,0.5
4.7,17.34767384,7.629803224,0,2,0.5
4.8,23.01615576,10.04115794,0,2,0.5
4.9,31.2342918,13.16885756,0,2,0.5
5,41.76923077,17.22968465,0,2,0.5
5.1,55.67513276,21.75149334,0,2,0.5
5.2,73.68782593,28.71646955,0,2,0.5
5.3,99.04394026,38.02581675,0,2,0.5
5.4,132.504443,51.2432713,0,2,0.5
5.5,181.1052806,70.97735189,0,2,0.5
5.6,250.0658727,100.0274705,0,2,0.5
5.7,358.7415424,151.2325874,0,2,0.5
5.8,534.3082497,239.9892488,0,2,0.5
5.9,813.5065306,370.6949982,0,2,0.5
6,1128.117662,472.7704758,0,2,0.5
6.1,1352.802992,531.0596486,0,2,0.5
6.2,1408.517077,564.6469209,0,2,0.5
6.3,1339.014064,540.3775146,0,2,0.5
6.4,1168.857143,450.7228897,0,2,0.5
6.5,1247.454545,461.3884185,0,2,0.5
6.6,NA,NA,0,2,0.5
6.7,NA,NA,0,2,0.5
6.8,NA,NA,0,2,0.5
6.9,NA,NA,0,2,0.5
7,NA,NA,0,2,0.5
7.1,NA,NA,0,2,0.5
7.2,NA,NA,0,2,0.5
7.3,NA,NA,0,2,0.5
7.4,NA,NA,0,2,0.5
7.5,NA,NA,0,2,0.5
7.6,NA,NA,0,2,0.5
7.7,NA,NA,0,2,0.5
7.8,NA,NA,0,2,0.5
7.9,NA,NA,0,2,0.5
8,NA,NA,0,2,0.5
8.1,NA,NA,0,2,0.5
8.2,NA,NA,0,2,0.5
8.3,NA,NA,0,2,0.5
8.4,NA,NA,0,2,0.5
8.5,NA,NA,0,2,0.5
8.6,NA,NA,0,2,0.5
8.7,NA,NA,0,2,0.5
8.8,NA,NA,0,2,0.5
8.9,NA,NA,0,2,0.5
9,NA,NA,0,2,0.5
9.1,NA,NA,0,2,0.5
9.2,NA,NA,0,2,0.5
9.3,NA,NA,0,2,0.5
9.4,NA,NA,0,2,0.5
9.5,NA,NA,0,2,0.5
9.6,NA,NA,0,2,0.5
9.7,NA,NA,0,2,0.5
9.8,NA,NA,0,2,0.5
9.9,NA,NA,0,2,0.5
10,NA,NA,0,2,0.5
1,NA,NA,0,2,1
1.1,0,NA,0,2,1
1.2,NA,NA,0,2,1
1.3,0,NA,0,2,1
1.4,0,NA,0,2,1
1.5,0,0,0,2,1
1.6,0,0,0,2,1
1.7,0,0,0,2,1
1.8,0,0,0,2,1
1.9,0.076923077,0.277350098,0,2,1
2,0,0,0,2,1
2.1,0.043478261,0.208514414,0,2,1
2.2,0.054054054,0.229243435,0,2,1
2.3,0.023809524,0.15430335,0,2,1
2.4,0.029850746,0.171459798,0,2,1
2.5,0.010989011,0.104828484,0,2,1
2.6,0.009615385,0.098058068,0,2,1
2.7,0.08,0.317709926,0,2,1
2.8,0.034482759,0.208229461,0,2,1
2.9,0.052238806,0.254315978,0,2,1
3,0.059375,0.236695345,0,2,1
3.1,0.109414758,0.336151559,0,2,1
3.2,0.133072407,0.378208046,0,2,1
3.3,0.191780822,0.458426999,0,2,1
3.4,0.231175694,0.48324336,0,2,1
3.5,0.337662338,0.594959093,0,2,1
3.6,0.483282675,0.726542679,0,2,1
3.7,0.662,0.894738261,0,2,1
3.8,0.925442684,1.058915338,0,2,1
3.9,1.386097152,1.407979062,0,2,1
4,1.749579832,1.550760087,0,2,1
4.1,2.527258567,2.022485824,0,2,1
4.2,3.685057471,2.564439244,0,2,1
4.3,4.975824176,3.120056465,0,2,1
4.4,7.013561742,3.987009471,0,2,1
4.5,9.633269107,5.037749315,0,2,1
4.6,13.25347222,6.552137306,0,2,1
4.7,17.77725367,8.282262648,0,2,1
4.8,24.03201024,10.58947077,0,2,1
4.9,32.09318347,13.72774094,0,2,1
5,42.71382917,17.55647773,0,2,1
5.1,57.93901594,23.58063162,0,2,1
5.2,76.90869565,30.57240353,0,2,1
5.3,101.92868,40.56882525,0,2,1
5.4,136.9783643,54.57791744,0,2,1
5.5,188.2051804,77.16902764,0,2,1
5.6,262.3778934,111.4793364,0,2,1
5.7,376.3352251,167.6513811,0,2,1
5.8,563.5612974,271.1417001,0,2,1
5.9,837.3236643,388.0868545,0,2,1
6,1120.606482,474.900601,0,2,1
6.1,1335.235878,526.4786142,0,2,1
6.2,1433.468018,566.3981963,0,2,1
6.3,1339.424911,542.9826626,0,2,1
6.4,1227.225352,414.3723853,0,2,1
6.5,968,343.3831679,0,2,1
6.6,448,NA,0,2,1
6.7,726,NA,0,2,1
6.8,NA,NA,0,2,1
6.9,NA,NA,0,2,1
7,NA,NA,0,2,1
7.1,NA,NA,0,2,1
7.2,NA,NA,0,2,1
7.3,NA,NA,0,2,1
7.4,NA,NA,0,2,1
7.5,NA,NA,0,2,1
7.6,NA,NA,0,2,1
7.7,NA,NA,0,2,1
7.8,NA,NA,0,2,1
7.9,NA,NA,0,2,1
8,NA,NA,0,2,1
8.1,NA,NA,0,2,1
8.2,NA,NA,0,2,1
8.3,NA,NA,0,2,1
8.4,NA,NA,0,2,1
8.5,NA,NA,0,2,1
8.6,NA,NA,0,2,1
8.7,NA,NA,0,2,1
8.8,NA,NA,0,2,1
8.9,NA,NA,0,2,1
9,NA,NA,0,2,1
9.1,NA,NA,0,2,1
9.2,NA,NA,0,2,1
9.3,NA,NA,0,2,1
9.4,NA,NA,0,2,1
9.5,NA,NA,0,2,1
9.6,NA,NA,0,2,1
9.7,NA,NA,0,2,1
9.8,NA,NA,0,2,1
9.9,NA,NA,0,2,1
10,NA,NA,0,2,1
1,NA,NA,0.5,2,0.1
1.1,NA,NA,0.5,2,0.1
1.2,NA,NA,0.5,2,0.1
1.3,0,0,0.5,2,0.1
1.4,0,0,0.5,2,0.1
1.5,0,0,0.5,2,0.1
1.6,0,0,0.5,2,0.1
1.7,0,0,0.5,2,0.1
1.8,0,0,0.5,2,0.1
1.9,0,0,0.5,2,0.1
2,0,0,0.5,2,0.1
2.1,0,0,0.5,2,0.1
2.2,0,0,0.5,2,0.1
2.3,0,0,0.5,2,0.1
2.4,0.014705882,0.121267813,0.5,2,0.1
2.5,0.022988506,0.150735522,0.5,2,0.1
2.6,0.025423729,0.205141786,0.5,2,0.1
2.7,0,0,0.5,2,0.1
2.8,0,0,0.5,2,0.1
2.9,0.043478261,0.369167421,0.5,2,0.1
3,0.159021407,1.300932755,0.5,2,0.1
3.1,0.245833333,4.569800036,0.5,2,0.1
3.2,0.453007519,3.591637386,0.5,2,0.1
3.3,0.5552,8.561461953,0.5,2,0.1
3.4,0.728907331,6.792621245,0.5,2,0.1
3.5,1.315550511,15.29298253,0.5,2,0.1
3.6,4.365424431,42.29856874,0.5,2,0.1
3.7,11.2330468,76.07433931,0.5,2,0.1
3.8,12.12084871,71.77118901,0.5,2,0.1
3.9,23.2352,102.7926269,0.5,2,0.1
4,37.65181269,130.1732507,0.5,2,0.1
4.1,54.70592593,162.2936284,0.5,2,0.1
4.2,71.27808989,184.2407029,0.5,2,0.1
4.3,67.27552356,178.277884,0.5,2,0.1
4.4,79.71255061,217.1496675,0.5,2,0.1
4.5,75.43083004,215.1021223,0.5,2,0.1
4.6,98.40900679,317.1424319,0.5,2,0.1
4.7,124.136131,407.3683502,0.5,2,0.1
4.8,196.1347633,516.6795929,0.5,2,0.1
4.9,274.7297561,603.0007095,0.5,2,0.1
5,379.4881157,681.729115,0.5,2,0.1
5.1,458.6594294,716.5203134,0.5,2,0.1
5.2,535.7827134,734.6604573,0.5,2,0.1
5.3,614.648934,743.1793682,0.5,2,0.1
5.4,661.6342988,733.2964708,0.5,2,0.1
5.5,695.9497592,714.2570989,0.5,2,0.1
5.6,722.3233002,700.0023897,0.5,2,0.1
5.7,728.4649861,673.0200505,0.5,2,0.1
5.8,717.4859625,643.6219869,0.5,2,0.1
5.9,706.30428,611.9431285,0.5,2,0.1
6,676.7092832,581.5383729,0.5,2,0.1
6.1,650.9237344,549.0584103,0.5,2,0.1
6.2,619.2461213,517.11576,0.5,2,0.1
6.3,600.7936368,487.9968913,0.5,2,0.1
6.4,573.4875569,443.6036532,0.5,2,0.1
6.5,563.0723475,402.2418924,0.5,2,0.1
6.6,570.8800187,368.5141523,0.5,2,0.1
6.7,606.0480989,365.9169001,0.5,2,0.1
6.8,632.3287827,376.1347508,0.5,2,0.1
6.9,649.0804954,348.2039985,0.5,2,0.1
7,628.278481,357.2339942,0.5,2,0.1
7.1,598.0909091,296.4883213,0.5,2,0.1
7.2,799.6666667,438.9522373,0.5,2,0.1
7.3,493,NA,0.5,2,0.1
7.4,NA,NA,0.5,2,0.1
7.5,NA,NA,0.5,2,0.1
7.6,NA,NA,0.5,2,0.1
7.7,NA,NA,0.5,2,0.1
7.8,NA,NA,0.5,2,0.1
7.9,NA,NA,0.5,2,0.1
8,NA,NA,0.5,2,0.1
8.1,NA,NA,0.5,2,0.1
8.2,NA,NA,0.5,2,0.1
8.3,NA,NA,0.5,2,0.1
8.4,NA,NA,0.5,2,0.1
8.5,NA,NA,0.5,2,0.1
8.6,NA,NA,0.5,2,0.1
8.7,NA,NA,0.5,2,0.1
8.8,NA,NA,0.5,2,0.1
8.9,NA,NA,0.5,2,0.1
9,NA,NA,0.5,2,0.1
9.1,NA,NA,0.5,2,0.1
9.2,NA,NA,0.5,2,0.1
9.3,NA,NA,0.5,2,0.1
9.4,NA,NA,0.5,2,0.1
9.5,NA,NA,0.5,2,0.1
9.6,NA,NA,0.5,2,0.1
9.7,NA,NA,0.5,2,0.1
9.8,NA,NA,0.5,2,0.1
9.9,NA,NA,0.5,2,0.1
10,NA,NA,0.5,2,0.1
1,NA,NA,0.5,2,0.5
1.1,NA,NA,0.5,2,0.5
1.2,NA,NA,0.5,2,0.5
1.3,NA,NA,0.5,2,0.5
1.4,NA,NA,0.5,2,0.5
1.5,0,0,0.5,2,0.5
1.6,0,0,0.5,2,0.5
1.7,0,0,0.5,2,0.5
1.8,0,0,0.5,2,0.5
1.9,0,0,0.5,2,0.5
2,0,0,0.5,2,0.5
2.1,0,0,0.5,2,0.5
2.2,0.033333333,0.182574186,0.5,2,0.5
2.3,0.017857143,0.133630621,0.5,2,0.5
2.4,0.016129032,0.127000127,0.5,2,0.5
2.5,0.034883721,0.32349832,0.5,2,0.5
2.6,0.046296296,0.211105646,0.5,2,0.5
2.7,0.067567568,0.380871935,0.5,2,0.5
2.8,0.514563107,5.796321925,0.5,2,0.5
2.9,1.233480176,14.87062579,0.5,2,0.5
3,0.3,2.305182055,0.5,2,0.5
3.1,0.406015038,3.236190438,0.5,2,0.5
3.2,0.335753176,1.810517587,0.5,2,0.5
3.3,1.820967742,13.63362797,0.5,2,0.5
3.4,2.495460441,14.83838188,0.5,2,0.5
3.5,7.402730375,41.31160318,0.5,2,0.5
3.6,10.80901288,61.65321753,0.5,2,0.5
3.7,15.4683908,58.65148015,0.5,2,0.5
3.8,23.57409051,86.25837701,0.5,2,0.5
3.9,28.86448184,87.62902476,0.5,2,0.5
4,36.01990446,106.5242411,0.5,2,0.5
4.1,45.83096485,121.2344866,0.5,2,0.5
4.2,58.33601757,141.143376,0.5,2,0.5
4.3,57.02056203,146.8043391,0.5,2,0.5
4.4,67.36460554,164.0029879,0.5,2,0.5
4.5,88.015844,240.4139489,0.5,2,0.5
4.6,114.8718226,314.0473989,0.5,2,0.5
4.7,155.4682135,423.9833701,0.5,2,0.5
4.8,212.9450376,531.54314,0.5,2,0.5
4.9,293.0624812,651.0209574,0.5,2,0.5
5,388.7236121,714.2926804,0.5,2,0.5
5.1,482.2275375,767.4440197,0.5,2,0.5
5.2,558.8403554,790.0830417,0.5,2,0.5
5.3,632.4244251,800.2530873,0.5,2,0.5
5.4,675.0431931,795.8657237,0.5,2,0.5
5.5,712.7237598,777.6627181,0.5,2,0.5
5.6,726.1620326,746.3379381,0.5,2,0.5
5.7,753.3029904,731.0265082,0.5,2,0.5
5.8,750.6140344,700.2489006,0.5,2,0.5
5.9,743.7468761,664.7676758,0.5,2,0.5
6,729.3670176,632.3819797,0.5,2,0.5
6.1,720.0745584,606.2446026,0.5,2,0.5
6.2,697.0406538,567.1855277,0.5,2,0.5
6.3,679.5608954,526.4685901,0.5,2,0.5
6.4,668.2279855,493.3268759,0.5,2,0.5
6.5,665.2598345,459.7880743,0.5,2,0.5
6.6,673.0826859,435.7297009,0.5,2,0.5
6.7,692.220861,415.9060583,0.5,2,0.5
6.8,701.9032774,372.3630479,0.5,2,0.5
6.9,692.1466942,352.3785214,0.5,2,0.5
7,697.0588235,331.3699681,0.5,2,0.5
7.1,716.2444444,308.8031997,0.5,2,0.5
7.2,730.5454545,328.3048472,0.5,2,0.5
7.3,707,262.9657772,0.5,2,0.5
7.4,615,220.6173157,0.5,2,0.5
7.5,NA,NA,0.5,2,0.5
7.6,NA,NA,0.5,2,0.5
7.7,NA,NA,0.5,2,0.5
7.8,NA,NA,0.5,2,0.5
7.9,NA,NA,0.5,2,0.5
8,NA,NA,0.5,2,0.5
8.1,NA,NA,0.5,2,0.5
8.2,NA,NA,0.5,2,0.5
8.3,NA,NA,0.5,2,0.5
8.4,NA,NA,0.5,2,0.5
8.5,NA,NA,0.5,2,0.5
8.6,NA,NA,0.5,2,0.5
8.7,NA,NA,0.5,2,0.5
8.8,NA,NA,0.5,2,0.5
8.9,NA,NA,0.5,2,0.5
9,NA,NA,0.5,2,0.5
9.1,NA,NA,0.5,2,0.5
9.2,NA,NA,0.5,2,0.5
9.3,NA,NA,0.5,2,0.5
9.4,NA,NA,0.5,2,0.5
9.5,NA,NA,0.5,2,0.5
9.6,NA,NA,0.5,2,0.5
9.7,NA,NA,0.5,2,0.5
9.8,NA,NA,0.5,2,0.5
9.9,NA,NA,0.5,2,0.5
10,NA,NA,0.5,2,0.5
1,NA,NA,0.5,2,1
1.1,NA,NA,0.5,2,1
1.2,0,NA,0.5,2,1
1.3,0,NA,0.5,2,1
1.4,0,NA,0.5,2,1
1.5,0,NA,0.5,2,1
1.6,0,0,0.5,2,1
1.7,0.333333333,0.577350269,0.5,2,1
1.8,0.125,0.353553391,0.5,2,1
1.9,0,0,0.5,2,1
2,0.041666667,0.204124145,0.5,2,1
2.1,0,0,0.5,2,1
2.2,0.133333333,0.507416263,0.5,2,1
2.3,0.076923077,0.354268363,0.5,2,1
2.4,0.134328358,0.885840166,0.5,2,1
2.5,0.154761905,0.452411147,0.5,2,1
2.6,0.322580645,2.239876547,0.5,2,1
2.7,0.285714286,1.403610125,0.5,2,1
2.8,0.492957746,3.092321163,0.5,2,1
2.9,0.931451613,6.956729965,0.5,2,1
3,0.55,2.643499153,0.5,2,1
3.1,1.329207921,9.189919948,0.5,2,1
3.2,2.219844358,14.6279498,0.5,2,1
3.3,3.921348315,24.60168694,0.5,2,1
3.4,4.436314363,18.91183238,0.5,2,1
3.5,10.21589561,54.19458549,0.5,2,1
3.6,9.600990099,40.22597466,0.5,2,1
3.7,18.52793834,69.26665516,0.5,2,1
3.8,29.18894831,83.66905167,0.5,2,1
3.9,43.93529894,117.1148795,0.5,2,1
4,49.48923077,137.8925591,0.5,2,1
4.1,60.91473448,145.7557485,0.5,2,1
4.2,57.98511905,167.2676787,0.5,2,1
4.3,70.14305365,221.1924267,0.5,2,1
4.4,102.6548431,350.5880222,0.5,2,1
4.5,134.0196923,427.0794257,0.5,2,1
4.6,171.8477074,508.6596089,0.5,2,1
4.7,245.3695352,594.2098132,0.5,2,1
4.8,329.2784763,688.6457302,0.5,2,1
4.9,380.144075,704.1371368,0.5,2,1
5,436.8733985,730.3181277,0.5,2,1
5.1,520.2659132,758.564941,0.5,2,1
5.2,568.147813,757.5719939,0.5,2,1
5.3,631.2196805,777.7082721,0.5,2,1
5.4,692.6973177,779.0936245,0.5,2,1
5.5,737.8199975,776.0190589,0.5,2,1
5.6,756.3244624,763.0752828,0.5,2,1
5.7,774.3217356,739.735112,0.5,2,1
5.8,776.1779962,712.1864012,0.5,2,1
5.9,769.9932472,687.146075,0.5,2,1
6,747.2800495,648.130545,0.5,2,1
6.1,731.6245229,615.6641282,0.5,2,1
6.2,710.9087032,579.9426572,0.5,2,1
6.3,706.5548058,541.6012577,0.5,2,1
6.4,692.8823122,508.5449945,0.5,2,1
6.5,695.3855224,465.5904028,0.5,2,1
6.6,715.414876,435.8701455,0.5,2,1
6.7,739.5079268,416.0193299,0.5,2,1
6.8,770.3860435,411.3096816,0.5,2,1
6.9,835.2716763,439.1386038,0.5,2,1
7,847.1925134,404.1190809,0.5,2,1
7.1,801.6363636,317.4527772,0.5,2,1
7.2,673,323.7710832,0.5,2,1
7.3,865.875,274.2628757,0.5,2,1
7.4,905.6,235.711264,0.5,2,1
7.5,NA,NA,0.5,2,1
7.6,NA,NA,0.5,2,1
7.7,NA,NA,0.5,2,1
7.8,NA,NA,0.5,2,1
7.9,NA,NA,0.5,2,1
8,NA,NA,0.5,2,1
8.1,NA,NA,0.5,2,1
8.2,NA,NA,0.5,2,1
8.3,NA,NA,0.5,2,1
8.4,NA,NA,0.5,2,1
8.5,NA,NA,0.5,2,1
8.6,NA,NA,0.5,2,1
8.7,NA,NA,0.5,2,1
8.8,NA,NA,0.5,2,1
8.9,NA,NA,0.5,2,1
9,NA,NA,0.5,2,1
9.1,NA,NA,0.5,2,1
9.2,NA,NA,0.5,2,1
9.3,NA,NA,0.5,2,1
9.4,NA,NA,0.5,2,1
9.5,NA,NA,0.5,2,1
9.6,NA,NA,0.5,2,1
9.7,NA,NA,0.5,2,1
9.8,NA,NA,0.5,2,1
9.9,NA,NA,0.5,2,1
10,NA,NA,0.5,2,1
1,NA,NA,1,2,0.1
1.1,NA,NA,1,2,0.1
1.2,0,NA,1,2,0.1
1.3,0,NA,1,2,0.1
1.4,0,NA,1,2,0.1
1.5,1,NA,1,2,0.1
1.6,303,640.8473557,1,2,0.1
1.7,318.2142857,477.4959007,1,2,0.1
1.8,139.9333333,358.8892521,1,2,0.1
1.9,263.56,405.4939457,1,2,0.1
2,175.3333333,258.0659954,1,2,0.1
2.1,69.46153846,172.7127629,1,2,0.1
2.2,57.23529412,283.8292336,1,2,0.1
2.3,257.6341463,603.1269666,1,2,0.1
2.4,275.971831,584.5937777,1,2,0.1
2.5,372.46875,613.0785481,1,2,0.1
2.6,495.5786164,695.6115276,1,2,0.1
2.7,460.2605364,602.9766365,1,2,0.1
2.8,555.2588556,645.4205483,1,2,0.1
2.9,526.1447876,633.5810265,1,2,0.1
3,525.7874618,608.159815,1,2,0.1
3.1,490.1832579,572.605903,1,2,0.1
3.2,428.9061086,528.3433512,1,2,0.1
3.3,377.553907,493.4838324,1,2,0.1
3.4,341.3166058,447.9754204,1,2,0.1
3.5,278.2926829,411.0430555,1,2,0.1
3.6,254.7669492,393.7159511,1,2,0.1
3.7,223,383.1513201,1,2,0.1
3.8,172.264652,321.1470569,1,2,0.1
3.9,170.7559682,349.2164005,1,2,0.1
4,172.2911765,405.9440765,1,2,0.1
4.1,175.4760244,452.3118008,1,2,0.1
4.2,257.139823,577.0284312,1,2,0.1
4.3,337.7749221,718.9363538,1,2,0.1
4.4,394.3156146,746.0638275,1,2,0.1
4.5,590.8475041,890.9350795,1,2,0.1
4.6,657.2714168,876.1062224,1,2,0.1
4.7,710.0620155,874.437673,1,2,0.1
4.8,829.6059066,894.9442972,1,2,0.1
4.9,809.6430899,873.9806296,1,2,0.1
5,866.6999384,869.218839,1,2,0.1
5.1,845.1440058,842.2627928,1,2,0.1
5.2,839.9087719,828.3712665,1,2,0.1
5.3,820.2081292,804.0853242,1,2,0.1
5.4,797.3681198,777.2692958,1,2,0.1
5.5,751.6865894,750.5058047,1,2,0.1
5.6,713.7279133,723.3671267,1,2,0.1
5.7,654.5826058,693.6957656,1,2,0.1
5.8,617.1419286,669.6861211,1,2,0.1
5.9,570.7620059,639.289831,1,2,0.1
6,517.1139601,600.0887045,1,2,0.1
6.1,471.0782341,558.4920586,1,2,0.1
6.2,430.5400942,517.9892942,1,2,0.1
6.3,395.6586243,464.0306681,1,2,0.1
6.4,375.114786,413.1846981,1,2,0.1
6.5,384.2990052,372.6060009,1,2,0.1
6.6,411.6508769,340.6295111,1,2,0.1
6.7,462.5540939,333.1191662,1,2,0.1
6.8,529.0293907,334.6628203,1,2,0.1
6.9,574.3572594,324.836022,1,2,0.1
7,593.4826364,315.7405483,1,2,0.1
7.1,590.7156863,296.1347718,1,2,0.1
7.2,615.475,298.3237857,1,2,0.1
7.3,632.7454545,333.8420683,1,2,0.1
7.4,709.4166667,374.6876174,1,2,0.1
7.5,914,NA,1,2,0.1
7.6,NA,NA,1,2,0.1
7.7,NA,NA,1,2,0.1
7.8,NA,NA,1,2,0.1
7.9,NA,NA,1,2,0.1
8,NA,NA,1,2,0.1
8.1,NA,NA,1,2,0.1
8.2,NA,NA,1,2,0.1
8.3,NA,NA,1,2,0.1
8.4,NA,NA,1,2,0.1
8.5,NA,NA,1,2,0.1
8.6,NA,NA,1,2,0.1
8.7,NA,NA,1,2,0.1
8.8,NA,NA,1,2,0.1
8.9,NA,NA,1,2,0.1
9,NA,NA,1,2,0.1
9.1,NA,NA,1,2,0.1
9.2,NA,NA,1,2,0.1
9.3,NA,NA,1,2,0.1
9.4,NA,NA,1,2,0.1
9.5,NA,NA,1,2,0.1
9.6,NA,NA,1,2,0.1
9.7,NA,NA,1,2,0.1
9.8,NA,NA,1,2,0.1
9.9,NA,NA,1,2,0.1
10,NA,NA,1,2,0.1
1,NA,NA,1,2,0.5
1.1,NA,NA,1,2,0.5
1.2,0,NA,1,2,0.5
1.3,0,NA,1,2,0.5
1.4,0,0,1,2,0.5
1.5,0,0,1,2,0.5
1.6,0,0,1,2,0.5
1.7,0,0,1,2,0.5
1.8,0,0,1,2,0.5
1.9,0,0,1,2,0.5
2,68,280.3711825,1,2,0.5
2.1,0.379310345,1.146852622,1,2,0.5
2.2,7.21875,27.90390697,1,2,0.5
2.3,40.25,140.8665431,1,2,0.5
2.4,17.71666667,90.76419283,1,2,0.5
2.5,34.21111111,144.2446809,1,2,0.5
2.6,30.1440678,113.1457932,1,2,0.5
2.7,9.487804878,80.30184527,1,2,0.5
2.8,10.69230769,94.53269599,1,2,0.5
2.9,14.172,104.3929787,1,2,0.5
3,13.26923077,96.78509492,1,2,0.5
3.1,23.82191781,124.8014635,1,2,0.5
3.2,45.71455939,177.6585419,1,2,0.5
3.3,62.77777778,221.6156434,1,2,0.5
3.4,109.0976514,301.9872122,1,2,0.5
3.5,147.9502538,352.5019324,1,2,0.5
3.6,159.7400319,336.074493,1,2,0.5
3.7,180.8727811,339.9139266,1,2,0.5
3.8,193.4599719,343.9645176,1,2,0.5
3.9,200.1482966,362.4977366,1,2,0.5
4,202.5539519,344.7783806,1,2,0.5
4.1,185.8051852,336.8021041,1,2,0.5
4.2,154.9563145,309.1304392,1,2,0.5
4.3,151.7727273,339.1443769,1,2,0.5
4.4,131.710443,343.0068939,1,2,0.5
4.5,134.4474063,404.2941165,1,2,0.5
4.6,167.3417052,460.3383521,1,2,0.5
4.7,248.6702182,597.2756685,1,2,0.5
4.8,247.6187576,563.0826251,1,2,0.5
4.9,321.9598482,686.2772936,1,2,0.5
5,393.927162,734.5150004,1,2,0.5
5.1,429.8591927,748.1408461,1,2,0.5
5.2,484.3055597,776.6579838,1,2,0.5
5.3,557.7938792,795.8054906,1,2,0.5
5.4,604.5023508,786.3482805,1,2,0.5
5.5,659.6611222,792.5201568,1,2,0.5
5.6,702.5582366,779.9261086,1,2,0.5
5.7,720.6384873,752.9493771,1,2,0.5
5.8,742.4545847,739.4849401,1,2,0.5
5.9,728.8448536,704.5610981,1,2,0.5
6,722.3550051,678.137599,1,2,0.5
6.1,707.2101432,639.5348793,1,2,0.5
6.2,681.1838043,606.0925945,1,2,0.5
6.3,653.9801985,566.421088,1,2,0.5
6.4,627.1728296,520.3295383,1,2,0.5
6.5,609.8739198,472.6665464,1,2,0.5
6.6,611.716635,431.103561,1,2,0.5
6.7,641.7349756,393.4105204,1,2,0.5
6.8,677.2292967,360.4598545,1,2,0.5
6.9,723.9429429,358.4706014,1,2,0.5
7,711.382263,343.8391389,1,2,0.5
7.1,778.979798,341.061368,1,2,0.5
7.2,745.7647059,388.3808584,1,2,0.5
7.3,709.4,379.195596,1,2,0.5
7.4,NA,NA,1,2,0.5
7.5,NA,NA,1,2,0.5
7.6,NA,NA,1,2,0.5
7.7,NA,NA,1,2,0.5
7.8,NA,NA,1,2,0.5
7.9,NA,NA,1,2,0.5
8,NA,NA,1,2,0.5
8.1,NA,NA,1,2,0.5
8.2,NA,NA,1,2,0.5
8.3,NA,NA,1,2,0.5
8.4,NA,NA,1,2,0.5
8.5,NA,NA,1,2,0.5
8.6,NA,NA,1,2,0.5
8.7,NA,NA,1,2,0.5
8.8,NA,NA,1,2,0.5
8.9,NA,NA,1,2,0.5
9,NA,NA,1,2,0.5
9.1,NA,NA,1,2,0.5
9.2,NA,NA,1,2,0.5
9.3,NA,NA,1,2,0.5
9.4,NA,NA,1,2,0.5
9.5,NA,NA,1,2,0.5
9.6,NA,NA,1,2,0.5
9.7,NA,NA,1,2,0.5
9.8,NA,NA,1,2,0.5
9.9,NA,NA,1,2,0.5
10,NA,NA,1,2,0.5
1,NA,NA,1,2,1
1.1,0,NA,1,2,1
1.2,NA,NA,1,2,1
1.3,0,NA,1,2,1
1.4,0,NA,1,2,1
1.5,0,0,1,2,1
1.6,0.333333333,0.577350269,1,2,1
1.7,0,0,1,2,1
1.8,0,0,1,2,1
1.9,0.071428571,0.267261242,1,2,1
2,0.052631579,0.229415734,1,2,1
2.1,21.15789474,91.50000799,1,2,1
2.2,7.58974359,47.39793353,1,2,1
2.3,5.684210526,18.99517046,1,2,1
2.4,12.29850746,65.35196432,1,2,1
2.5,3.475,18.08977262,1,2,1
2.6,1.23655914,4.950621062,1,2,1
2.7,10.43165468,60.40396023,1,2,1
2.8,15.54787234,89.82742126,1,2,1
2.9,11.57142857,72.97512106,1,2,1
3,7.069444444,57.52722764,1,2,1
3.1,14.28967254,88.99471792,1,2,1
3.2,18.53891051,106.3145295,1,2,1
3.3,35.44462025,138.4337568,1,2,1
3.4,48.60234681,172.5366791,1,2,1
3.5,57.18742586,194.3745814,1,2,1
3.6,63.07380738,172.2369778,1,2,1
3.7,99.78985507,251.3100088,1,2,1
3.8,125.3652108,255.988534,1,2,1
3.9,148.0071994,299.77729,1,2,1
4,171.5085441,302.4081342,1,2,1
4.1,175.0660131,327.4536321,1,2,1
4.2,188.7465181,332.9154916,1,2,1
4.3,177.1372126,360.8000245,1,2,1
4.4,172.5214815,405.5485106,1,2,1
4.5,171.5771905,466.4879166,1,2,1
4.6,207.3368552,556.6140448,1,2,1
4.7,224.136226,579.6220161,1,2,1
4.8,264.8007679,645.5599441,1,2,1
4.9,295.9907614,678.3937335,1,2,1
5,350.6859007,723.9427209,1,2,1
5.1,437.0102362,795.7901013,1,2,1
5.2,481.8213117,804.2419201,1,2,1
5.3,525.6279295,815.1764835,1,2,1
5.4,585.3223835,827.694481,1,2,1
5.5,665.3693618,832.3313826,1,2,1
5.6,694.0522949,813.2179562,1,2,1
5.7,729.292129,792.2564144,1,2,1
5.8,748.1541169,768.0770223,1,2,1
5.9,749.1432705,733.9757026,1,2,1
6,749.0020623,704.0515165,1,2,1
6.1,737.3306129,670.0856754,1,2,1
6.2,718.5896485,637.3316207,1,2,1
6.3,691.0081963,596.7619757,1,2,1
6.4,660.1487007,544.9788149,1,2,1
6.5,645.0333949,493.4214933,1,2,1
6.6,650.0645279,458.8687541,1,2,1
6.7,672.3861638,425.5120759,1,2,1
6.8,733.7059685,415.8336721,1,2,1
6.9,770.7998386,402.9760156,1,2,1
7,778.2992327,368.9623356,1,2,1
7.1,820.6756757,348.5947937,1,2,1
7.2,819.3214286,399.9051789,1,2,1
7.3,576.75,267.4582744,1,2,1
7.4,NA,NA,1,2,1
7.5,NA,NA,1,2,1
7.6,NA,NA,1,2,1
7.7,NA,NA,1,2,1
7.8,NA,NA,1,2,1
7.9,NA,NA,1,2,1
8,NA,NA,1,2,1
8.1,NA,NA,1,2,1
8.2,NA,NA,1,2,1
8.3,NA,NA,1,2,1
8.4,NA,NA,1,2,1
8.5,NA,NA,1,2,1
8.6,NA,NA,1,2,1
8.7,NA,NA,1,2,1
8.8,NA,NA,1,2,1
8.9,NA,NA,1,2,1
9,NA,NA,1,2,1
9.1,NA,NA,1,2,1
9.2,NA,NA,1,2,1
9.3,NA,NA,1,2,1
9.4,NA,NA,1,2,1
9.5,NA,NA,1,2,1
9.6,NA,NA,1,2,1
9.7,NA,NA,1,2,1
9.8,NA,NA,1,2,1
9.9,NA,NA,1,2,1
10,NA,NA,1,2,1
1,NA,NA,0,5,0.1
1.1,NA,NA,0,5,0.1
1.2,NA,NA,0,5,0.1
1.3,0,0,0,5,0.1
1.4,0,0,0,5,0.1
1.5,0,0,0,5,0.1
1.6,0,0,0,5,0.1
1.7,0,0,0,5,0.1
1.8,0.142857143,0.377964473,0,5,0.1
1.9,0,0,0,5,0.1
2,0.157894737,0.374634325,0,5,0.1
2.1,0.03125,0.176776695,0,5,0.1
2.2,0.303030303,0.529436522,0,5,0.1
2.3,0.240740741,0.511571208,0,5,0.1
2.4,0.304347826,0.576611497,0,5,0.1
2.5,0.517647059,0.810816236,0,5,0.1
2.6,0.58490566,0.779107237,0,5,0.1
2.7,1.029850746,0.972867234,0,5,0.1
2.8,1.187165775,1.122710808,0,5,0.1
2.9,1.921708185,1.625991544,0,5,0.1
3,2.394039735,1.727353969,0,5,0.1
3.1,3.672289157,2.258334711,0,5,0.1
3.2,4.779599271,2.836908565,0,5,0.1
3.3,6.868878357,3.5257006,0,5,0.1
3.4,9.089473684,4.455890653,0,5,0.1
3.5,12.54849138,5.621638911,0,5,0.1
3.6,16.80893043,6.870259144,0,5,0.1
3.7,22.67504188,8.760189433,0,5,0.1
3.8,30.37174428,10.8757854,0,5,0.1
3.9,40.50113895,14.41116927,0,5,0.1
4,53.75163399,18.50237765,0,5,0.1
4.1,75.06362468,27.01199806,0,5,0.1
4.2,102.8470588,36.31288054,0,5,0.1
4.3,147.2667338,56.37835532,0,5,0.1
4.4,215.1488162,87.60832836,0,5,0.1
4.5,328.4663764,142.7277037,0,5,0.1
4.6,574.0724756,300.3304311,0,5,0.1
4.7,1263.141023,692.1647296,0,5,0.1
4.8,1799.680481,702.4814916,0,5,0.1
4.9,2046.621491,668.8032367,0,5,0.1
5,1876.455462,627.3841033,0,5,0.1
5.1,1388.455621,419.900355,0,5,0.1
5.2,1026.8,145.6475197,0,5,0.1
5.3,NA,NA,0,5,0.1
5.4,NA,NA,0,5,0.1
5.5,NA,NA,0,5,0.1
5.6,NA,NA,0,5,0.1
5.7,NA,NA,0,5,0.1
5.8,NA,NA,0,5,0.1
5.9,NA,NA,0,5,0.1
6,NA,NA,0,5,0.1
6.1,NA,NA,0,5,0.1
6.2,NA,NA,0,5,0.1
6.3,NA,NA,0,5,0.1
6.4,NA,NA,0,5,0.1
6.5,NA,NA,0,5,0.1
6.6,NA,NA,0,5,0.1
6.7,NA,NA,0,5,0.1
6.8,NA,NA,0,5,0.1
6.9,NA,NA,0,5,0.1
7,NA,NA,0,5,0.1
7.1,NA,NA,0,5,0.1
7.2,NA,NA,0,5,0.1
7.3,NA,NA,0,5,0.1
7.4,NA,NA,0,5,0.1
7.5,NA,NA,0,5,0.1
7.6,NA,NA,0,5,0.1
7.7,NA,NA,0,5,0.1
7.8,NA,NA,0,5,0.1
7.9,NA,NA,0,5,0.1
8,NA,NA,0,5,0.1
8.1,NA,NA,0,5,0.1
8.2,NA,NA,0,5,0.1
8.3,NA,NA,0,5,0.1
8.4,NA,NA,0,5,0.1
8.5,NA,NA,0,5,0.1
8.6,NA,NA,0,5,0.1
8.7,NA,NA,0,5,0.1
8.8,NA,NA,0,5,0.1
8.9,NA,NA,0,5,0.1
9,NA,NA,0,5,0.1
9.1,NA,NA,0,5,0.1
9.2,NA,NA,0,5,0.1
9.3,NA,NA,0,5,0.1
9.4,NA,NA,0,5,0.1
9.5,NA,NA,0,5,0.1
9.6,NA,NA,0,5,0.1
9.7,NA,NA,0,5,0.1
9.8,NA,NA,0,5,0.1
9.9,NA,NA,0,5,0.1
10,NA,NA,0,5,0.1
1,NA,NA,0,5,0.5
1.1,NA,NA,0,5,0.5
1.2,NA,NA,0,5,0.5
1.3,0,0,0,5,0.5
1.4,0,0,0,5,0.5
1.5,0,0,0,5,0.5
1.6,0,0,0,5,0.5
1.7,0,0,0,5,0.5
1.8,0,0,0,5,0.5
1.9,0,0,0,5,0.5
2,0.192307692,0.401918476,0,5,0.5
2.1,0.166666667,0.383482494,0,5,0.5
2.2,0.418604651,0.626120258,0,5,0.5
2.3,0.385964912,0.674917613,0,5,0.5
2.4,0.382352941,0.573791053,0,5,0.5
2.5,0.8125,0.929049467,0,5,0.5
2.6,1.00990099,1.072334365,0,5,0.5
2.7,1.654676259,1.726654763,0,5,0.5
2.8,2.081871345,1.947628726,0,5,0.5
2.9,3.065843621,1.963453803,0,5,0.5
3,4.076923077,2.6113198,0,5,0.5
3.1,5.783216783,3.155191228,0,5,0.5
3.2,7.464150943,3.74918236,0,5,0.5
3.3,10.00161551,4.658742414,0,5,0.5
3.4,13.56423841,5.939754395,0,5,0.5
3.5,18.27919911,6.952505198,0,5,0.5
3.6,24.11601643,8.675602235,0,5,0.5
3.7,32.53565062,10.60342942,0,5,0.5
3.8,42.49715678,13.41573339,0,5,0.5
3.9,57.827051,17.54169863,0,5,0.5
4,75.66131285,23.25790048,0,5,0.5
4.1,99.56934307,31.11114404,0,5,0.5
4.2,139.2705234,46.30557493,0,5,0.5
4.3,195.4445952,68.37520906,0,5,0.5
4.4,282.0123128,101.1876488,0,5,0.5
4.5,419.8141878,154.0538069,0,5,0.5
4.6,658.1871305,246.0926377,0,5,0.5
4.7,1118.72876,439.2263312,0,5,0.5
4.8,1743.893673,583.6484374,0,5,0.5
4.9,2204.89615,657.7166473,0,5,0.5
5,2446.025616,748.0845346,0,5,0.5
5.1,2459.075774,912.1894208,0,5,0.5
5.2,2084.611111,1153.274197,0,5,0.5
5.3,2259,NA,0,5,0.5
5.4,NA,NA,0,5,0.5
5.5,NA,NA,0,5,0.5
5.6,NA,NA,0,5,0.5
5.7,NA,NA,0,5,0.5
5.8,NA,NA,0,5,0.5
5.9,NA,NA,0,5,0.5
6,NA,NA,0,5,0.5
6.1,NA,NA,0,5,0.5
6.2,NA,NA,0,5,0.5
6.3,NA,NA,0,5,0.5
6.4,NA,NA,0,5,0.5
6.5,NA,NA,0,5,0.5
6.6,NA,NA,0,5,0.5
6.7,NA,NA,0,5,0.5
6.8,NA,NA,0,5,0.5
6.9,NA,NA,0,5,0.5
7,NA,NA,0,5,0.5
7.1,NA,NA,0,5,0.5
7.2,NA,NA,0,5,0.5
7.3,NA,NA,0,5,0.5
7.4,NA,NA,0,5,0.5
7.5,NA,NA,0,5,0.5
7.6,NA,NA,0,5,0.5
7.7,NA,NA,0,5,0.5
7.8,NA,NA,0,5,0.5
7.9,NA,NA,0,5,0.5
8,NA,NA,0,5,0.5
8.1,NA,NA,0,5,0.5
8.2,NA,NA,0,5,0.5
8.3,NA,NA,0,5,0.5
8.4,NA,NA,0,5,0.5
8.5,NA,NA,0,5,0.5
8.6,NA,NA,0,5,0.5
8.7,NA,NA,0,5,0.5
8.8,NA,NA,0,5,0.5
8.9,NA,NA,0,5,0.5
9,NA,NA,0,5,0.5
9.1,NA,NA,0,5,0.5
9.2,NA,NA,0,5,0.5
9.3,NA,NA,0,5,0.5
9.4,NA,NA,0,5,0.5
9.5,NA,NA,0,5,0.5
9.6,NA,NA,0,5,0.5
9.7,NA,NA,0,5,0.5
9.8,NA,NA,0,5,0.5
9.9,NA,NA,0,5,0.5
10,NA,NA,0,5,0.5
1,NA,NA,0,5,1
1.1,NA,NA,0,5,1
1.2,NA,NA,0,5,1
1.3,0,0,0,5,1
1.4,0,0,0,5,1
1.5,0,0,0,5,1
1.6,0,0,0,5,1
1.7,0,0,0,5,1
1.8,0,0,0,5,1
1.9,0.076923077,0.277350098,0,5,1
2,0.173913043,0.387553388,0,5,1
2.1,0.264705882,0.665551652,0,5,1
2.2,0.310344828,0.660273119,0,5,1
2.3,0.5,0.707106781,0,5,1
2.4,0.656716418,0.749792674,0,5,1
2.5,1.108433735,1.297389952,0,5,1
2.6,1.105769231,1.060484129,0,5,1
2.7,1.690140845,1.415131493,0,5,1
2.8,2.353535354,1.772967522,0,5,1
2.9,3.269372694,2.164816127,0,5,1
3,4.2823219,2.555620198,0,5,1
3.1,6.087470449,3.368998471,0,5,1
3.2,8.119217082,3.983256502,0,5,1
3.3,10.81804044,4.88141474,0,5,1
3.4,14.56596306,6.088536758,0,5,1
3.5,18.72737069,7.475239587,0,5,1
3.6,25.4371134,9.626388306,0,5,1
3.7,34,12.36895852,0,5,1
3.8,44.57585139,15.68245025,0,5,1
3.9,58.51544838,18.5896676,0,5,1
4,78.00943396,24.78182436,0,5,1
4.1,103.5812655,34.27444602,0,5,1
4.2,143.8271468,53.13521883,0,5,1
4.3,202.5629695,72.36592462,0,5,1
4.4,292.6845902,109.3770047,0,5,1
4.5,444.9251515,174.7948436,0,5,1
4.6,715.1522553,302.0556153,0,5,1
4.7,1230.647372,522.6707347,0,5,1
4.8,1768.827151,618.5225044,0,5,1
4.9,2174.221812,650.0072946,0,5,1
5,2459.255485,733.6978585,0,5,1
5.1,2472.830923,945.6194769,0,5,1
5.2,1692.984127,457.6998415,0,5,1
5.3,1637,197.5499937,0,5,1
5.4,NA,NA,0,5,1
5.5,NA,NA,0,5,1
5.6,NA,NA,0,5,1
5.7,NA,NA,0,5,1
5.8,NA,NA,0,5,1
5.9,NA,NA,0,5,1
6,NA,NA,0,5,1
6.1,NA,NA,0,5,1
6.2,NA,NA,0,5,1
6.3,NA,NA,0,5,1
6.4,NA,NA,0,5,1
6.5,NA,NA,0,5,1
6.6,NA,NA,0,5,1
6.7,NA,NA,0,5,1
6.8,NA,NA,0,5,1
6.9,NA,NA,0,5,1
7,NA,NA,0,5,1
7.1,NA,NA,0,5,1
7.2,NA,NA,0,5,1
7.3,NA,NA,0,5,1
7.4,NA,NA,0,5,1
7.5,NA,NA,0,5,1
7.6,NA,NA,0,5,1
7.7,NA,NA,0,5,1
7.8,NA,NA,0,5,1
7.9,NA,NA,0,5,1
8,NA,NA,0,5,1
8.1,NA,NA,0,5,1
8.2,NA,NA,0,5,1
8.3,NA,NA,0,5,1
8.4,NA,NA,0,5,1
8.5,NA,NA,0,5,1
8.6,NA,NA,0,5,1
8.7,NA,NA,0,5,1
8.8,NA,NA,0,5,1
8.9,NA,NA,0,5,1
9,NA,NA,0,5,1
9.1,NA,NA,0,5,1
9.2,NA,NA,0,5,1
9.3,NA,NA,0,5,1
9.4,NA,NA,0,5,1
9.5,NA,NA,0,5,1
9.6,NA,NA,0,5,1
9.7,NA,NA,0,5,1
9.8,NA,NA,0,5,1
9.9,NA,NA,0,5,1
10,NA,NA,0,5,1
1,NA,NA,0.5,5,0.1
1.1,NA,NA,0.5,5,0.1
1.2,NA,NA,0.5,5,0.1
1.3,NA,NA,0.5,5,0.1
1.4,0,0,0.5,5,0.1
1.5,0,0,0.5,5,0.1
1.6,0,0,0.5,5,0.1
1.7,0.583333333,2.020725942,0.5,5,0.1
1.8,0.111111111,0.333333333,0.5,5,0.1
1.9,0.923076923,2.782730627,0.5,5,0.1
2,0.625,2.028957039,0.5,5,0.1
2.1,0.055555556,0.23570226,0.5,5,0.1
2.2,21.93333333,100.5453863,0.5,5,0.1
2.3,52.39534884,198.2917691,0.5,5,0.1
2.4,47,183.1882001,0.5,5,0.1
2.5,88.82278481,340.3272844,0.5,5,0.1
2.6,50.07142857,300.5981039,0.5,5,0.1
2.7,108.1446541,334.5023478,0.5,5,0.1
2.8,256.5228426,844.7065761,0.5,5,0.1
2.9,262.1138462,916.7671776,0.5,5,0.1
3,270.6480938,837.0611471,0.5,5,0.1
3.1,291.4878957,822.9992521,0.5,5,0.1
3.2,257.9936809,732.1933453,0.5,5,0.1
3.3,282.457485,755.4793016,0.5,5,0.1
3.4,449.5707721,981.9314128,0.5,5,0.1
3.5,471.8679537,985.1289987,0.5,5,0.1
3.6,608.4260635,1069.083136,0.5,5,0.1
3.7,672.4895647,1077.446463,0.5,5,0.1
3.8,859.2612745,1191.04958,0.5,5,0.1
3.9,1114.916865,1255.37169,0.5,5,0.1
4,1422.580697,1326.190315,0.5,5,0.1
4.1,1607.798762,1271.45677,0.5,5,0.1
4.2,1782.929476,1166.551609,0.5,5,0.1
4.3,1878.460927,1089.456156,0.5,5,0.1
4.4,1899.648472,1009.989903,0.5,5,0.1
4.5,1870.105,952.9609936,0.5,5,0.1
4.6,1843.135976,907.7942043,0.5,5,0.1
4.7,1783.962869,861.2327177,0.5,5,0.1
4.8,1735.095664,829.5530702,0.5,5,0.1
4.9,1663.863341,805.1020702,0.5,5,0.1
5,1601.923016,780.6035539,0.5,5,0.1
5.1,1529.277619,754.0342477,0.5,5,0.1
5.2,1449.182817,737.0760535,0.5,5,0.1
5.3,1362.778927,710.496762,0.5,5,0.1
5.4,1288.411928,686.426404,0.5,5,0.1
5.5,1211.964734,648.0542795,0.5,5,0.1
5.6,1145.31609,594.892064,0.5,5,0.1
5.7,1117.169866,543.4753918,0.5,5,0.1
5.8,1076.415362,495.4290042,0.5,5,0.1
5.9,1082.521327,446.1855416,0.5,5,0.1
6,1062.911392,408.5326209,0.5,5,0.1
6.1,999.2222222,278.4752133,0.5,5,0.1
6.2,797.5,402.3437585,0.5,5,0.1
6.3,NA,NA,0.5,5,0.1
6.4,NA,NA,0.5,5,0.1
6.5,NA,NA,0.5,5,0.1
6.6,NA,NA,0.5,5,0.1
6.7,NA,NA,0.5,5,0.1
6.8,NA,NA,0.5,5,0.1
6.9,NA,NA,0.5,5,0.1
7,NA,NA,0.5,5,0.1
7.1,NA,NA,0.5,5,0.1
7.2,NA,NA,0.5,5,0.1
7.3,NA,NA,0.5,5,0.1
7.4,NA,NA,0.5,5,0.1
7.5,NA,NA,0.5,5,0.1
7.6,NA,NA,0.5,5,0.1
7.7,NA,NA,0.5,5,0.1
7.8,NA,NA,0.5,5,0.1
7.9,NA,NA,0.5,5,0.1
8,NA,NA,0.5,5,0.1
8.1,NA,NA,0.5,5,0.1
8.2,NA,NA,0.5,5,0.1
8.3,NA,NA,0.5,5,0.1
8.4,NA,NA,0.5,5,0.1
8.5,NA,NA,0.5,5,0.1
8.6,NA,NA,0.5,5,0.1
8.7,NA,NA,0.5,5,0.1
8.8,NA,NA,0.5,5,0.1
8.9,NA,NA,0.5,5,0.1
9,NA,NA,0.5,5,0.1
9.1,NA,NA,0.5,5,0.1
9.2,NA,NA,0.5,5,0.1
9.3,NA,NA,0.5,5,0.1
9.4,NA,NA,0.5,5,0.1
9.5,NA,NA,0.5,5,0.1
9.6,NA,NA,0.5,5,0.1
9.7,NA,NA,0.5,5,0.1
9.8,NA,NA,0.5,5,0.1
9.9,NA,NA,0.5,5,0.1
10,NA,NA,0.5,5,0.1
1,0,NA,0.5,5,0.5
1.1,NA,NA,0.5,5,0.5
1.2,NA,NA,0.5,5,0.5
1.3,NA,NA,0.5,5,0.5
1.4,4,6.92820323,0.5,5,0.5
1.5,0.25,0.5,0.5,5,0.5
1.6,0.8,1.788854382,0.5,5,0.5
1.7,3,6.697547526,0.5,5,0.5
1.8,15.44444444,31.96916918,0.5,5,0.5
1.9,1.0625,2.379600807,0.5,5,0.5
2,2.428571429,11.1291124,0.5,5,0.5
2.1,7.391304348,12.86905778,0.5,5,0.5
2.2,10.275,44.15008639,0.5,5,0.5
2.3,11.02857143,42.16976437,0.5,5,0.5
2.4,10.29032258,33.72277875,0.5,5,0.5
2.5,36.43298969,135.0784423,0.5,5,0.5
2.6,48.16923077,160.8994649,0.5,5,0.5
2.7,65.1862069,207.1173173,0.5,5,0.5
2.8,32.8358209,109.314994,0.5,5,0.5
2.9,83.01365188,241.1340213,0.5,5,0.5
3,122.8807786,328.9528959,0.5,5,0.5
3.1,197.9723757,591.5758188,0.5,5,0.5
3.2,237.025641,588.9696188,0.5,5,0.5
3.3,278.0161476,614.6544268,0.5,5,0.5
3.4,321.8324176,679.377716,0.5,5,0.5
3.5,375.5675472,716.0253012,0.5,5,0.5
3.6,444.9445585,812.4264867,0.5,5,0.5
3.7,534.6412911,926.8213722,0.5,5,0.5
3.8,617.2569444,982.8612721,0.5,5,0.5
3.9,824.6685111,1125.831622,0.5,5,0.5
4,1130.890677,1258.340953,0.5,5,0.5
4.1,1320.792479,1261.590289,0.5,5,0.5
4.2,1616.824804,1227.801006,0.5,5,0.5
4.3,1752.411458,1159.898468,0.5,5,0.5
4.4,1823.918531,1071.654059,0.5,5,0.5
4.5,1861.184506,1022.039252,0.5,5,0.5
4.6,1871.855862,971.7482707,0.5,5,0.5
4.7,1858.114474,934.0569959,0.5,5,0.5
4.8,1824.270593,898.8176029,0.5,5,0.5
4.9,1783.02304,872.273388,0.5,5,0.5
5,1740.756514,848.7931487,0.5,5,0.5
5.1,1687.859318,829.2622129,0.5,5,0.5
5.2,1604.63058,799.9300757,0.5,5,0.5
5.3,1536.94779,768.9730799,0.5,5,0.5
5.4,1456.094239,738.7258987,0.5,5,0.5
5.5,1397.308048,718.2181024,0.5,5,0.5
5.6,1323.005283,669.6330476,0.5,5,0.5
5.7,1276.327169,624.4956321,0.5,5,0.5
5.8,1250.412523,585.1405569,0.5,5,0.5
5.9,1185.449937,553.68099,0.5,5,0.5
6,1107.902128,458.043343,0.5,5,0.5
6.1,1021.471698,314.9075935,0.5,5,0.5
6.2,831.7142857,195.1210857,0.5,5,0.5
6.3,834,NA,0.5,5,0.5
6.4,NA,NA,0.5,5,0.5
6.5,NA,NA,0.5,5,0.5
6.6,NA,NA,0.5,5,0.5
6.7,NA,NA,0.5,5,0.5
6.8,NA,NA,0.5,5,0.5
6.9,NA,NA,0.5,5,0.5
7,NA,NA,0.5,5,0.5
7.1,NA,NA,0.5,5,0.5
7.2,NA,NA,0.5,5,0.5
7.3,NA,NA,0.5,5,0.5
7.4,NA,NA,0.5,5,0.5
7.5,NA,NA,0.5,5,0.5
7.6,NA,NA,0.5,5,0.5
7.7,NA,NA,0.5,5,0.5
7.8,NA,NA,0.5,5,0.5
7.9,NA,NA,0.5,5,0.5
8,NA,NA,0.5,5,0.5
8.1,NA,NA,0.5,5,0.5
8.2,NA,NA,0.5,5,0.5
8.3,NA,NA,0.5,5,0.5
8.4,NA,NA,0.5,5,0.5
8.5,NA,NA,0.5,5,0.5
8.6,NA,NA,0.5,5,0.5
8.7,NA,NA,0.5,5,0.5
8.8,NA,NA,0.5,5,0.5
8.9,NA,NA,0.5,5,0.5
9,NA,NA,0.5,5,0.5
9.1,NA,NA,0.5,5,0.5
9.2,NA,NA,0.5,5,0.5
9.3,NA,NA,0.5,5,0.5
9.4,NA,NA,0.5,5,0.5
9.5,NA,NA,0.5,5,0.5
9.6,NA,NA,0.5,5,0.5
9.7,NA,NA,0.5,5,0.5
9.8,NA,NA,0.5,5,0.5
9.9,NA,NA,0.5,5,0.5
10,NA,NA,0.5,5,0.5
1,NA,NA,0.5,5,1
1.1,NA,NA,0.5,5,1
1.2,0,NA,0.5,5,1
1.3,NA,NA,0.5,5,1
1.4,0,0,0.5,5,1
1.5,0.25,0.5,0.5,5,1
1.6,0,0,0.5,5,1
1.7,0.090909091,0.301511345,0.5,5,1
1.8,0.1,0.316227766,0.5,5,1
1.9,0.583333333,2.020725942,0.5,5,1
2,2.666666667,6.413527371,0.5,5,1
2.1,2,4.752192476,0.5,5,1
2.2,4.318181818,8.479174837,0.5,5,1
2.3,4,12.63227882,0.5,5,1
2.4,17.21666667,40.93156408,0.5,5,1
2.5,10.74747475,27.74017327,0.5,5,1
2.6,7.173469388,25.60928694,0.5,5,1
2.7,24.06081081,71.50226925,0.5,5,1
2.8,36.04433498,85.16218078,0.5,5,1
2.9,43.54333333,138.1168672,0.5,5,1
3,56.08333333,124.6449928,0.5,5,1
3.1,84.32371134,176.9280926,0.5,5,1
3.2,110.7917305,222.9283417,0.5,5,1
3.3,144.2575758,245.4262358,0.5,5,1
3.4,173.7235169,269.1245082,0.5,5,1
3.5,217.4324786,396.2763649,0.5,5,1
3.6,337.9873773,613.980507,0.5,5,1
3.7,396.454488,685.8710018,0.5,5,1
3.8,541.3346501,850.9104794,0.5,5,1
3.9,673.6819326,957.3444507,0.5,5,1
4,844.7152642,1070.571767,0.5,5,1
4.1,1129.077038,1183.990008,0.5,5,1
4.2,1424.720129,1198.856185,0.5,5,1
4.3,1606.322069,1159.352277,0.5,5,1
4.4,1769.086022,1102.043606,0.5,5,1
4.5,1835.765917,1039.612952,0.5,5,1
4.6,1860.813799,992.2040028,0.5,5,1
4.7,1853.377548,946.8040859,0.5,5,1
4.8,1847.821352,909.0820395,0.5,5,1
4.9,1820.726906,880.0593549,0.5,5,1
5,1772.101496,838.7833215,0.5,5,1
5.1,1732.313974,807.4643464,0.5,5,1
5.2,1683.221532,784.4934729,0.5,5,1
5.3,1604.522318,759.2385817,0.5,5,1
5.4,1537.060752,723.851731,0.5,5,1
5.5,1468.523044,700.9860087,0.5,5,1
5.6,1413.453634,658.8567403,0.5,5,1
5.7,1354.333724,601.5882376,0.5,5,1
5.8,1347.936202,545.4537245,0.5,5,1
5.9,1322.839024,534.4001387,0.5,5,1
6,1276.245283,495.1625182,0.5,5,1
6.1,1095.933333,341.1259647,0.5,5,1
6.2,1195,NA,0.5,5,1
6.3,1107,NA,0.5,5,1
6.4,NA,NA,0.5,5,1
6.5,NA,NA,0.5,5,1
6.6,NA,NA,0.5,5,1
6.7,NA,NA,0.5,5,1
6.8,NA,NA,0.5,5,1
6.9,NA,NA,0.5,5,1
7,NA,NA,0.5,5,1
7.1,NA,NA,0.5,5,1
7.2,NA,NA,0.5,5,1
7.3,NA,NA,0.5,5,1
7.4,NA,NA,0.5,5,1
7.5,NA,NA,0.5,5,1
7.6,NA,NA,0.5,5,1
7.7,NA,NA,0.5,5,1
7.8,NA,NA,0.5,5,1
7.9,NA,NA,0.5,5,1
8,NA,NA,0.5,5,1
8.1,NA,NA,0.5,5,1
8.2,NA,NA,0.5,5,1
8.3,NA,NA,0.5,5,1
8.4,NA,NA,0.5,5,1
8.5,NA,NA,0.5,5,1
8.6,NA,NA,0.5,5,1
8.7,NA,NA,0.5,5,1
8.8,NA,NA,0.5,5,1
8.9,NA,NA,0.5,5,1
9,NA,NA,0.5,5,1
9.1,NA,NA,0.5,5,1
9.2,NA,NA,0.5,5,1
9.3,NA,NA,0.5,5,1
9.4,NA,NA,0.5,5,1
9.5,NA,NA,0.5,5,1
9.6,NA,NA,0.5,5,1
9.7,NA,NA,0.5,5,1
9.8,NA,NA,0.5,5,1
9.9,NA,NA,0.5,5,1
10,NA,NA,0.5,5,1
1,0,NA,1,5,0.1
1.1,0,NA,1,5,0.1
1.2,0,NA,1,5,0.1
1.3,0,0,1,5,0.1
1.4,NA,NA,1,5,0.1
1.5,400,497.9852742,1,5,0.1
1.6,406.3333333,696.8732549,1,5,0.1
1.7,134.1333333,299.6271175,1,5,0.1
1.8,331.2777778,501.7434082,1,5,0.1
1.9,124.95,304.7660837,1,5,0.1
2,130.2962963,283.5004836,1,5,0.1
2.1,145.6190476,262.743121,1,5,0.1
2.2,86.19354839,263.2211262,1,5,0.1
2.3,159.8548387,372.9917525,1,5,0.1
2.4,423.9066667,718.8427294,1,5,0.1
2.5,457.0140845,694.4889849,1,5,0.1
2.6,426.6528497,618.1792053,1,5,0.1
2.7,481.8446215,646.5639487,1,5,0.1
2.8,453.726817,583.7274981,1,5,0.1
2.9,450.585086,563.4951291,1,5,0.1
3,512.1808973,599.1320659,1,5,0.1
3.1,491.2823804,592.8380455,1,5,0.1
3.2,501.0584906,596.1601463,1,5,0.1
3.3,515.3763524,636.0266851,1,5,0.1
3.4,571.2063722,773.2584847,1,5,0.1
3.5,655.8968692,891.1449874,1,5,0.1
3.6,759.3525603,1009.870472,1,5,0.1
3.7,931.3738001,1155.232024,1,5,0.1
3.8,1221.812906,1293.188406,1,5,0.1
3.9,1498.036885,1340.238416,1,5,0.1
4,1703.252605,1264.150779,1,5,0.1
4.1,1889.408572,1206.915698,1,5,0.1
4.2,1939.1954,1133.573206,1,5,0.1
4.3,1985.006757,1050.803901,1,5,0.1
4.4,1983.84214,982.9528892,1,5,0.1
4.5,1941.984489,938.6242271,1,5,0.1
4.6,1893.852896,905.4789214,1,5,0.1
4.7,1826.896523,878.7815744,1,5,0.1
4.8,1729.781457,851.2075718,1,5,0.1
4.9,1664.239438,821.8520915,1,5,0.1
5,1572.327385,807.0182401,1,5,0.1
5.1,1485.937682,787.1437524,1,5,0.1
5.2,1392.289204,765.5734577,1,5,0.1
5.3,1297.894553,742.8097079,1,5,0.1
5.4,1215.991294,701.8863633,1,5,0.1
5.5,1145.411106,666.2362798,1,5,0.1
5.6,1090.425125,623.8740975,1,5,0.1
5.7,1053.464441,576.4403342,1,5,0.1
5.8,1038.643199,536.8637986,1,5,0.1
5.9,996.6989091,483.4725022,1,5,0.1
6,939.5854271,438.4046777,1,5,0.1
6.1,845.6455696,374.8799137,1,5,0.1
6.2,860.5333333,409.1442056,1,5,0.1
6.3,598,NA,1,5,0.1
6.4,NA,NA,1,5,0.1
6.5,NA,NA,1,5,0.1
6.6,NA,NA,1,5,0.1
6.7,NA,NA,1,5,0.1
6.8,NA,NA,1,5,0.1
6.9,NA,NA,1,5,0.1
7,NA,NA,1,5,0.1
7.1,NA,NA,1,5,0.1
7.2,NA,NA,1,5,0.1
7.3,NA,NA,1,5,0.1
7.4,NA,NA,1,5,0.1
7.5,NA,NA,1,5,0.1
7.6,NA,NA,1,5,0.1
7.7,NA,NA,1,5,0.1
7.8,NA,NA,1,5,0.1
7.9,NA,NA,1,5,0.1
8,NA,NA,1,5,0.1
8.1,NA,NA,1,5,0.1
8.2,NA,NA,1,5,0.1
8.3,NA,NA,1,5,0.1
8.4,NA,NA,1,5,0.1
8.5,NA,NA,1,5,0.1
8.6,NA,NA,1,5,0.1
8.7,NA,NA,1,5,0.1
8.8,NA,NA,1,5,0.1
8.9,NA,NA,1,5,0.1
9,NA,NA,1,5,0.1
9.1,NA,NA,1,5,0.1
9.2,NA,NA,1,5,0.1
9.3,NA,NA,1,5,0.1
9.4,NA,NA,1,5,0.1
9.5,NA,NA,1,5,0.1
9.6,NA,NA,1,5,0.1
9.7,NA,NA,1,5,0.1
9.8,NA,NA,1,5,0.1
9.9,NA,NA,1,5,0.1
10,NA,NA,1,5,0.1
1,NA,NA,1,5,0.5
1.1,NA,NA,1,5,0.5
1.2,NA,NA,1,5,0.5
1.3,1.666666667,2.886751346,1,5,0.5
1.4,NA,NA,1,5,0.5
1.5,203,386.1890729,1,5,0.5
1.6,0.2,0.447213595,1,5,0.5
1.7,8.571428571,19.00751731,1,5,0.5
1.8,26.23076923,59.02987075,1,5,0.5
1.9,188.75,476.157747,1,5,0.5
2,102.75,353.5988127,1,5,0.5
2.1,188.7857143,358.0630357,1,5,0.5
2.2,206.0263158,500.3857694,1,5,0.5
2.3,231.0961538,482.7412842,1,5,0.5
2.4,270.4027778,597.1228354,1,5,0.5
2.5,203.9224138,525.4820586,1,5,0.5
2.6,187.5921053,487.6353588,1,5,0.5
2.7,402.8838384,734.136657,1,5,0.5
2.8,327.7790262,782.9994046,1,5,0.5
2.9,333.4556355,726.3107836,1,5,0.5
3,457.8465804,953.4567386,1,5,0.5
3.1,489.873913,939.5957072,1,5,0.5
3.2,576.3795872,1101.323636,1,5,0.5
3.3,598.6841629,1083.81346,1,5,0.5
3.4,632.2994693,1084.141215,1,5,0.5
3.5,695.0646636,1117.576774,1,5,0.5
3.6,720.0560142,1092.460061,1,5,0.5
3.7,915.0997033,1285.93719,1,5,0.5
3.8,932.4755319,1217.603661,1,5,0.5
3.9,1125.509519,1333.273438,1,5,0.5
4,1286.080866,1374.938395,1,5,0.5
4.1,1535.745023,1393.39926,1,5,0.5
4.2,1781.259887,1383.31054,1,5,0.5
4.3,1897.874555,1303.528471,1,5,0.5
4.4,1973.431915,1241.649747,1,5,0.5
4.5,2001.796309,1185.399202,1,5,0.5
4.6,2000.344749,1128.735984,1,5,0.5
4.7,1962.065638,1066.729874,1,5,0.5
4.8,1883.533799,1024.851695,1,5,0.5
4.9,1844.677959,989.3778724,1,5,0.5
5,1771.538559,944.9535765,1,5,0.5
5.1,1692.968834,916.9589488,1,5,0.5
5.2,1606.673736,885.3251412,1,5,0.5
5.3,1526.086412,863.3987947,1,5,0.5
5.4,1433.854453,823.2272196,1,5,0.5
5.5,1339.446647,780.7464339,1,5,0.5
5.6,1275.42822,733.0501899,1,5,0.5
5.7,1221.502897,682.7883638,1,5,0.5
5.8,1198.352188,622.2615839,1,5,0.5
5.9,1170.275823,554.168284,1,5,0.5
6,1208.343482,526.6864749,1,5,0.5
6.1,1169.056426,490.9276772,1,5,0.5
6.2,1319.156863,603.4751817,1,5,0.5
6.3,1130,533.0654275,1,5,0.5
6.4,346,NA,1,5,0.5
6.5,NA,NA,1,5,0.5
6.6,NA,NA,1,5,0.5
6.7,NA,NA,1,5,0.5
6.8,NA,NA,1,5,0.5
6.9,NA,NA,1,5,0.5
7,NA,NA,1,5,0.5
7.1,NA,NA,1,5,0.5
7.2,NA,NA,1,5,0.5
7.3,NA,NA,1,5,0.5
7.4,NA,NA,1,5,0.5
7.5,NA,NA,1,5,0.5
7.6,NA,NA,1,5,0.5
7.7,NA,NA,1,5,0.5
7.8,NA,NA,1,5,0.5
7.9,NA,NA,1,5,0.5
8,NA,NA,1,5,0.5
8.1,NA,NA,1,5,0.5
8.2,NA,NA,1,5,0.5
8.3,NA,NA,1,5,0.5
8.4,NA,NA,1,5,0.5
8.5,NA,NA,1,5,0.5
8.6,NA,NA,1,5,0.5
8.7,NA,NA,1,5,0.5
8.8,NA,NA,1,5,0.5
8.9,NA,NA,1,5,0.5
9,NA,NA,1,5,0.5
9.1,NA,NA,1,5,0.5
9.2,NA,NA,1,5,0.5
9.3,NA,NA,1,5,0.5
9.4,NA,NA,1,5,0.5
9.5,NA,NA,1,5,0.5
9.6,NA,NA,1,5,0.5
9.7,NA,NA,1,5,0.5
9.8,NA,NA,1,5,0.5
9.9,NA,NA,1,5,0.5
10,NA,NA,1,5,0.5
1,NA,NA,1,5,1
1.1,NA,NA,1,5,1
1.2,NA,NA,1,5,1
1.3,0,0,1,5,1
1.4,0,0,1,5,1
1.5,1.875,2.799872446,1,5,1
1.6,5.8,12.96919427,1,5,1
1.7,0.714285714,0.951189731,1,5,1
1.8,0.111111111,0.333333333,1,5,1
1.9,53.21428571,170.2162329,1,5,1
2,14.25,61.83797201,1,5,1
2.1,69.03571429,188.6070739,1,5,1
2.2,57.16666667,182.3868733,1,5,1
2.3,78.08064516,194.7514009,1,5,1
2.4,142.6103896,412.850494,1,5,1
2.5,203.3235294,463.5722286,1,5,1
2.6,167.1101695,444.6799057,1,5,1
2.7,295.6787565,554.7535774,1,5,1
2.8,216.0716981,454.8879634,1,5,1
2.9,267.0027933,522.6272271,1,5,1
3,277.3440644,464.9091616,1,5,1
3.1,280.5184615,573.5983577,1,5,1
3.2,326.8171642,629.9684075,1,5,1
3.3,379.0978947,722.3683679,1,5,1
3.4,491.1123779,938.2587075,1,5,1
3.5,540.3016801,1022.332874,1,5,1
3.6,575.8213828,994.9247439,1,5,1
3.7,718.5852449,1115.618497,1,5,1
3.8,715.4844939,1047.335903,1,5,1
3.9,854.8734247,1165.62375,1,5,1
4,970.9207566,1218.944918,1,5,1
4.1,1201.313707,1306.098655,1,5,1
4.2,1487.62034,1373.536978,1,5,1
4.3,1681.995331,1341.496529,1,5,1
4.4,1850.851777,1337.035599,1,5,1
4.5,1904.414878,1261.246925,1,5,1
4.6,1976.343698,1227.01286,1,5,1
4.7,1943.264383,1157.449002,1,5,1
4.8,1923.662596,1100.618878,1,5,1
4.9,1881.464876,1062.416152,1,5,1
5,1842.346571,1020.098859,1,5,1
5.1,1776.078176,979.9411881,1,5,1
5.2,1701.41963,953.3233242,1,5,1
5.3,1641.164271,915.3248348,1,5,1
5.4,1535.263969,879.7952448,1,5,1
5.5,1458.041327,846.6735442,1,5,1
5.6,1378.619212,791.0447349,1,5,1
5.7,1307.348772,740.7409138,1,5,1
5.8,1261.978605,683.1300643,1,5,1
5.9,1230.218826,632.4498004,1,5,1
6,1218.055684,571.2341521,1,5,1
6.1,1255.728155,551.9928375,1,5,1
6.2,1226.354651,516.8324543,1,5,1
6.3,1191.862069,456.0285646,1,5,1
6.4,1414,714.177849,1,5,1
6.5,NA,NA,1,5,1
6.6,NA,NA,1,5,1
6.7,NA,NA,1,5,1
6.8,NA,NA,1,5,1
6.9,NA,NA,1,5,1
7,NA,NA,1,5,1
7.1,NA,NA,1,5,1
7.2,NA,NA,1,5,1
7.3,NA,NA,1,5,1
7.4,NA,NA,1,5,1
7.5,NA,NA,1,5,1
7.6,NA,NA,1,5,1
7.7,NA,NA,1,5,1
7.8,NA,NA,1,5,1
7.9,NA,NA,1,5,1
8,NA,NA,1,5,1
8.1,NA,NA,1,5,1
8.2,NA,NA,1,5,1
8.3,NA,NA,1,5,1
8.4,NA,NA,1,5,1
8.5,NA,NA,1,5,1
8.6,NA,NA,1,5,1
8.7,NA,NA,1,5,1
8.8,NA,NA,1,5,1
8.9,NA,NA,1,5,1
9,NA,NA,1,5,1
9.1,NA,NA,1,5,1
9.2,NA,NA,1,5,1
9.3,NA,NA,1,5,1
9.4,NA,NA,1,5,1
9.5,NA,NA,1,5,1
9.6,NA,NA,1,5,1
9.7,NA,NA,1,5,1
9.8,NA,NA,1,5,1
9.9,NA,NA,1,5,1
10,NA,NA,1,5,1