Density,Interference,Sociality,patch_value,residence_time,se
5,1,1,1.4,1,0
5,1,0.5,1.5,1,0
5,1,0.5,1.6,1,0
2,0.1,0.5,1.7,1,0
5,1,0.5,1.7,1,0
2,0.5,0.5,1.8,1,0
5,0.5,0,1.8,1,0
2,1,1,1.9,1,0
5,0.1,0.5,1.9,1,0
5,0.5,0,1.9,1,0
5,1,0,1.9,1,0
5,0.5,0,2,1,0
5,1,0.5,2,1,0
2,0.1,0.5,2.1,1,0
5,0.5,0,2.1,1,0
5,1,0.5,2.1,1,0
5,1,0,2.1,1,0
2,0.1,0.5,2.2,1,0
2,1,1,2.2,1,0
5,0.1,0.5,2.2,1,0
5,0.1,0,2.2,1,0
5,0.5,0,2.2,1,0
5,1,0,2.2,1,0
2,0.5,0,2.3,1,0
2,1,0.5,2.3,1,0
5,0.1,0,2.3,1,0
5,0.5,0,2.3,1,0
5,1,0,2.3,1,0
0.4,0.1,0,2.4,1,0
0.4,1,1,2.4,1,0
2,0.5,0.5,2.4,1,0
2,0.5,0,2.4,1,0
2,1,0.5,2.4,1,0
2,1,0,2.4,1,0
5,1,0,2.4,1,0
0.4,0.1,0.5,2.5,1,0
0.4,0.5,0.5,2.5,1,0
2,0.1,0.5,2.5,1,0
2,0.1,0,2.5,1,0
2,0.5,0.5,2.5,1,0
2,0.5,0,2.5,1,0
2,1,0.5,2.5,1,0
5,0.1,0,2.5,1,0
5,0.5,0,2.5,1,0
5,1,0,2.5,1,0
2,0.1,0.5,2.6,1,0
2,0.5,0,2.6,1,0
2,1,0.5,2.6,1,0
2,1,0,2.6,1,0
5,0.5,0,2.6,1,0
5,1,0,2.6,1,0
0.4,1,0.5,2.7,1,0
2,0.1,0,2.7,1,0
2,0.5,0,2.7,1,0
2,1,0.5,2.7,1,0
2,1,0,2.7,1,0
5,0.5,0,2.7,1,0
5,1,0,2.7,1,0
0.4,0.5,0.5,2.8,1,0
0.4,1,0.5,2.8,1,0
0.4,1,0,2.8,1,0
2,0.1,0,2.8,1,0
2,0.5,0,2.8,1,0
2,1,0,2.8,1,0
5,0.5,0,2.8,1,0
5,1,0,2.8,1,0
0.4,0.1,0.5,2.9,1,0
2,0.1,0,2.9,1,0
2,0.5,0,2.9,1,0
2,1,0,2.9,1,0
5,1,0,2.9,1,0
0.4,0.5,0.5,3,1,0
0.4,0.5,0,3,1,0
0.4,1,0.5,3,1,0
0.4,1,0,3,1,0
2,0.1,0,3,1,0
2,0.5,0,3,1,0
2,1,0,3,1,0
0.4,1,0.5,3.1,1,0
0.4,1,0,3.1,1,0
2,0.5,0,3.1,1,0
2,1,0,3.1,1,0
0.4,1,0.5,3.2,1,0
0.4,1,0,3.2,1,0
2,1,0,3.2,1,0
0.4,0.5,0.5,3.3,1,0
0.4,0.5,0,3.3,1,0
0.4,1,0,3.3,1,0
2,0.1,0,3.3,1,0
2,0.5,0,3.3,1,0
2,1,0,3.3,1,0
0.4,0.5,0.5,3.4,1,0
0.4,0.5,0,3.4,1,0
0.4,1,0.5,3.4,1,0
0.4,1,0,3.4,1,0
2,1,0,3.4,1,0
0.4,0.1,0,3.5,1,0
0.4,0.5,0.5,3.5,1,0
0.4,0.5,0,3.5,1,0
0.4,1,0.5,3.5,1,0
0.4,1,0,3.5,1,0
2,0.5,0,3.5,1,0
2,1,0,3.5,1,0
0.4,0.1,0,3.6,1,0
0.4,0.5,0,3.6,1,0
0.4,1,0.5,3.6,1,0
0.4,1,0,3.6,1,0
2,0.5,0,3.6,1,0
2,1,0,3.6,1,0
0.4,0.1,0,3.7,1,0
0.4,0.5,0,3.7,1,0
0.4,1,0,3.7,1,0
0.4,0.5,0,3.8,1,0
0.4,1,0,3.8,1,0
2,1,0,3.8,1,0
0.4,0.1,0,3.9,1,0
0.4,0.5,0,3.9,1,0
0.4,1,0,3.9,1,0
2,0.5,0,3.9,1,0
2,1,0,3.9,1,0
0.4,0.5,0,4,1,0
0.4,1,0,4,1,0
2,1,0,4,1,0
0.4,0.5,0,4.1,1,0
0.4,1,0,4.1,1,0
2,0.5,0,4.1,1,0
0.4,0.5,0,4.2,1,0
0.4,1,0,4.2,1,0
2,0.5,0,4.2,1,0
0.4,0.5,0,4.3,1,0
0.4,1,0,4.3,1,0
0.4,0.5,0,4.4,1,0
0.4,1,0,4.4,1,0
0.4,0.5,0,4.5,1,0
0.4,1,0,4.5,1,0
0.4,0.5,0,4.6,1,0
0.4,1,0,4.6,1,0
0.4,0.5,0,4.7,1,0
0.4,1,0,4.7,1,0
0.4,1,0,4.9,1,0
0.4,0.5,0,5,1,0
0.4,1,0,5,1,0
0.4,0.5,0,5.2,1,0
2,1,0,6.6,1,0
2,1,0,6.7,1,0
2,1,0,6.8,1,0
2,1,0,7.2,1,0
0.4,1,0,7.9,1,0
0.4,1,0,8,1,0
0.4,1,0,8.1,1,0
0.4,1,0,8.2,1,0
0.4,1,0,8.3,1,0
0.4,1,0,8.4,1,0
0.4,1,0,8.5,1,0
0.4,1,0,8.6,1,0
0.4,1,0,8.8,1,0
0.4,0.5,0,8.9,1,0
0.4,1,0,8.9,1,0
0.4,1,0,9,1,0
0.4,0.5,0,9.1,1,0
0.4,1,0,9.1,1,0
0.4,0.5,0,9.2,1,0
0.4,1,0,9.2,1,0
0.4,0.5,0,9.3,1,0
0.4,1,0,9.3,1,0
2,1,0,9.3,1,0
0.4,0.5,0,9.4,1,0
0.4,1,0,9.4,1,0
0.4,0.5,0,9.5,1,0
0.4,1,0,9.5,1,0
2,1,0,9.5,1,0
5,1,0,9.5,1,0
0.4,0.5,0,9.6,1,0
0.4,0.5,1,9.6,1,0
0.4,1,0.5,9.6,1,0
0.4,1,0,9.6,1,0
0.4,1,1,9.6,1,0
2,1,0,9.6,1,0
0.4,0.5,0,9.7,1,0
0.4,0.5,1,9.7,1,0
0.4,1,0.5,9.7,1,0
0.4,1,0,9.7,1,0
0.4,1,1,9.7,1,0
2,1,0,9.7,1,0
0.4,0.5,0,9.8,1,0
0.4,0.5,1,9.8,1,0
0.4,1,0.5,9.8,1,0
0.4,1,0,9.8,1,0
0.4,1,1,9.8,1,0
2,0.5,0,9.8,1,0
5,0.5,0,9.8,1,0
0.4,1,0,9.9,1,0
0.4,1,1,9.9,1,0
5,1,0,9.9,1,0
0.4,1,0,10,1,0
0.4,1,1,10,1,0
2,1,0,10,1,0
5,0.1,0,1.5,2,0
2,0.1,0.5,1.8,2,0
0.4,1,0,2,2,0
2,0.5,0.5,2.3,2,0
0.4,0.1,0.5,2.4,2,0
0.4,0.1,0,3,2,0
0.4,0.1,0.5,1,0,0
0.4,0.1,0,1,0,0
0.4,0.1,1,1,0,0
0.4,0.5,0.5,1,0,0
0.4,0.5,0,1,0,0
0.4,0.5,1,1,0,0
0.4,1,0.5,1,0,0
0.4,1,0,1,0,0
0.4,1,1,1,0,0
2,0.1,0.5,1,0,0
2,0.1,0,1,0,0
2,0.1,1,1,0,0
2,0.5,0.5,1,0,0
2,0.5,0,1,0,0
2,0.5,1,1,0,0
2,1,0.5,1,0,0
2,1,0,1,0,0
2,1,1,1,0,0
5,0.1,0.5,1,0,0
5,0.1,0,1,0,0
5,0.1,1,1,0,0
5,0.5,0.5,1,0,0
5,0.5,0,1,0,0
5,0.5,1,1,0,0
5,1,0.5,1,0,0
5,1,0,1,0,0
5,1,1,1,0,0
0.4,0.1,0.5,1.1,0,0
0.4,0.1,0,1.1,0,0
0.4,0.1,1,1.1,0,0
0.4,0.5,0.5,1.1,0,0
0.4,0.5,0,1.1,0,0
0.4,0.5,1,1.1,0,0
0.4,1,0.5,1.1,0,0
0.4,1,0,1.1,0,0
0.4,1,1,1.1,0,0
2,0.1,0.5,1.1,0,0
2,0.1,0,1.1,0,0
2,0.1,1,1.1,0,0
2,0.5,0.5,1.1,0,0
2,0.5,0,1.1,0,0
2,0.5,1,1.1,0,0
2,1,0.5,1.1,0,0
2,1,0,1.1,0,0
2,1,1,1.1,0,0
5,0.1,0.5,1.1,0,0
5,0.1,0,1.1,0,0
5,0.1,1,1.1,0,0
5,0.5,0.5,1.1,0,0
5,0.5,0,1.1,0,0
5,0.5,1,1.1,0,0
5,1,0.5,1.1,0,0
5,1,0,1.1,0,0
5,1,1,1.1,0,0
0.4,0.1,0.5,1.2,0,0
0.4,0.1,0,1.2,0,0
0.4,0.1,1,1.2,0,0
0.4,0.5,0.5,1.2,0,0
0.4,0.5,0,1.2,0,0
0.4,0.5,1,1.2,0,0
0.4,1,0.5,1.2,0,0
0.4,1,0,1.2,0,0
0.4,1,1,1.2,0,0
2,0.1,0.5,1.2,0,0
2,0.1,0,1.2,0,0
2,0.1,1,1.2,0,0
2,0.5,0.5,1.2,0,0
2,0.5,0,1.2,0,0
2,0.5,1,1.2,0,0
2,1,0.5,1.2,0,0
2,1,0,1.2,0,0
2,1,1,1.2,0,0
5,0.1,0.5,1.2,0,0
5,0.1,0,1.2,0,0
5,0.1,1,1.2,0,0
5,0.5,0.5,1.2,0,0
5,0.5,0,1.2,0,0
5,0.5,1,1.2,0,0
5,1,0.5,1.2,0,0
5,1,0,1.2,0,0
5,1,1,1.2,0,0
0.4,0.1,0.5,1.3,0,0
0.4,0.1,0,1.3,0,0
0.4,0.5,0.5,1.3,0,0
0.4,0.5,0,1.3,0,0
0.4,0.5,1,1.3,0,0
0.4,1,0.5,1.3,0,0
0.4,1,0,1.3,0,0
0.4,1,1,1.3,0,0
2,0.1,0.5,1.3,0,0
2,0.1,0,1.3,0,0
2,0.1,1,1.3,0,0
2,0.5,0.5,1.3,0,0
2,0.5,0,1.3,0,0
2,0.5,1,1.3,0,0
2,1,0.5,1.3,0,0
2,1,0,1.3,0,0
2,1,1,1.3,0,0
5,0.1,0.5,1.3,0,0
5,0.1,0,1.3,0,0
5,0.1,1,1.3,0,0
5,0.5,0.5,1.3,0,0
5,0.5,0,1.3,0,0
5,0.5,1,1.3,0,0
5,1,0.5,1.3,0,0
5,1,0,1.3,0,0
0.4,0.1,0.5,1.4,0,0
0.4,0.1,0,1.4,0,0
0.4,0.5,0.5,1.4,0,0
0.4,0.5,0,1.4,0,0
0.4,0.5,1,1.4,0,0
0.4,1,0.5,1.4,0,0
0.4,1,0,1.4,0,0
0.4,1,1,1.4,0,0
2,0.1,0,1.4,0,0
2,0.5,0.5,1.4,0,0
2,0.5,0,1.4,0,0
2,0.5,1,1.4,0,0
2,1,0.5,1.4,0,0
2,1,0,1.4,0,0
2,1,1,1.4,0,0
5,0.1,0.5,1.4,0,0
5,0.1,0,1.4,0,0
5,0.5,0.5,1.4,0,0
5,0.5,0,1.4,0,0
5,0.5,1,1.4,0,0
5,1,0.5,1.4,0,0
5,1,0,1.4,0,0
0.4,0.1,0.5,1.5,0,0
0.4,0.1,0,1.5,0,0
0.4,0.5,0.5,1.5,0,0
0.4,0.5,0,1.5,0,0
0.4,0.5,1,1.5,0,0
0.4,1,0.5,1.5,0,0
0.4,1,0,1.5,0,0
0.4,1,1,1.5,0,0
2,0.1,0.5,1.5,0,0
2,0.1,0,1.5,0,0
2,0.5,0.5,1.5,0,0
2,0.5,0,1.5,0,0
2,0.5,1,1.5,0,0
2,1,0.5,1.5,0,0
2,1,0,1.5,0,0
2,1,1,1.5,0,0
5,0.1,1,1.5,0,0
5,0.5,0.5,1.5,0,0
5,0.5,0,1.5,0,0
5,1,0,1.5,0,0
5,1,1,1.5,0,0
0.4,0.1,0.5,1.6,0,0
0.4,0.1,0,1.6,0,0
0.4,0.5,0.5,1.6,0,0
0.4,0.5,0,1.6,0,0
0.4,0.5,1,1.6,0,0
0.4,1,0.5,1.6,0,0
0.4,1,0,1.6,0,0
0.4,1,1,1.6,0,0
2,0.1,0.5,1.6,0,0
2,0.1,0,1.6,0,0
2,0.5,0.5,1.6,0,0
2,0.5,0,1.6,0,0
2,0.5,1,1.6,0,0
2,1,0.5,1.6,0,0
2,1,0,1.6,0,0
2,1,1,1.6,0,0
5,0.1,0.5,1.6,0,0
5,0.1,0,1.6,0,0
5,0.5,0.5,1.6,0,0
5,1,0,1.6,0,0
0.4,0.1,0.5,1.7,0,0
0.4,0.1,0,1.7,0,0
0.4,0.5,0.5,1.7,0,0
0.4,0.5,0,1.7,0,0
0.4,0.5,1,1.7,0,0
0.4,1,0.5,1.7,0,0
0.4,1,0,1.7,0,0
0.4,1,1,1.7,0,0
2,0.1,0,1.7,0,0
2,0.5,0.5,1.7,0,0
2,0.5,0,1.7,0,0
2,0.5,1,1.7,0,0
2,1,0.5,1.7,0,0
2,1,1,1.7,0,0
5,0.1,0.5,1.7,0,0
5,0.5,0.5,1.7,0,0
5,0.5,0,1.7,0,0
5,1,0,1.7,0,0
0.4,0.1,0.5,1.8,0,0
0.4,0.1,0,1.8,0,0
0.4,0.5,0.5,1.8,0,0
0.4,0.5,0,1.8,0,0
0.4,0.5,1,1.8,0,0
0.4,1,0.5,1.8,0,0
0.4,1,0,1.8,0,0
0.4,1,1,1.8,0,0
2,0.1,0,1.8,0,0
2,0.5,0,1.8,0,0
2,0.5,1,1.8,0,0
2,1,0.5,1.8,0,0
2,1,0,1.8,0,0
2,1,1,1.8,0,0
5,0.1,0,1.8,0,0
0.4,0.1,0.5,1.9,0,0
0.4,0.1,0,1.9,0,0
0.4,0.5,0.5,1.9,0,0
0.4,0.5,0,1.9,0,0
0.4,0.5,1,1.9,0,0
0.4,1,0.5,1.9,0,0
0.4,1,0,1.9,0,0
2,0.1,0,1.9,0,0
2,0.5,0.5,1.9,0,0
2,1,0.5,1.9,0,0
2,1,0,1.9,0,0
0.4,0.1,0.5,2,0,0
0.4,0.1,0,2,0,0
0.4,0.5,0.5,2,0,0
0.4,0.5,0,2,0,0
0.4,1,0.5,2,0,0
0.4,1,1,2,0,0
2,0.1,0.5,2,0,0
2,0.1,0,2,0,0
2,0.5,0.5,2,0,0
2,0.5,0,2,0,0
2,1,0.5,2,0,0
2,1,0,2,0,0
0.4,0.1,0.5,2.1,0,0
0.4,0.1,0,2.1,0,0
0.4,0.5,0,2.1,0,0
0.4,0.5,1,2.1,0,0
0.4,1,0.5,2.1,0,0
0.4,1,0,2.1,0,0
0.4,1,1,2.1,0,0
2,0.1,0,2.1,0,0
2,0.5,0,2.1,0,0
0.4,0.1,0.5,2.2,0,0
0.4,0.1,0,2.2,0,0
0.4,0.5,0.5,2.2,0,0
0.4,0.5,0,2.2,0,0
0.4,1,0.5,2.2,0,0
0.4,1,0,2.2,0,0
2,0.1,0,2.2,0,0
0.4,0.1,0.5,2.3,0,0
0.4,0.1,0,2.3,0,0
0.4,0.5,0.5,2.3,0,0
0.4,0.5,0,2.3,0,0
0.4,1,0.5,2.3,0,0
0.4,1,0,2.3,0,0
0.4,1,1,2.3,0,0
2,0.1,0,2.3,0,0
0.4,0.5,0,2.4,0,0
0.4,1,0,2.4,0,0
2,0.1,0.5,2.4,0,0
2,0.1,0,2.4,0,0
0.4,0.1,0,2.5,0,0
0.4,0.5,0,2.5,0,0
0.4,1,0.5,2.5,0,0
0.4,0.5,0.5,2.6,0,0
0.4,0.5,0,2.6,0,0
0.4,1,0,2.6,0,0
2,0.1,0,2.6,0,0
0.4,0.5,0.5,2.7,0,0
0.4,0.5,0,2.7,0,0
0.4,0.1,0,2.9,0,0
0.4,0.1,0,3.1,0,0
0.4,0.5,0,3.1,0,0
0.4,0.5,0,3.2,0,0
2,1,0.5,9.6,0,0
5,0.1,0,9.6,0,0
2,1,0.5,9.7,0,0
5,0.1,0.5,9.7,0,0
5,0.1,0,9.7,0,0
5,0.1,1,9.7,0,0
5,1,0.5,9.7,0,0
0.4,0.1,0,9.8,0,0
2,0.1,0,9.8,0,0
2,0.5,1,9.8,0,0
2,1,0.5,9.8,0,0
2,1,1,9.8,0,0
5,0.1,0.5,9.8,0,0
5,0.1,0,9.8,0,0
5,0.1,1,9.8,0,0
5,0.5,0.5,9.8,0,0
5,1,0.5,9.8,0,0
0.4,0.1,0.5,9.9,0,0
0.4,0.1,0,9.9,0,0
0.4,0.5,0.5,9.9,0,0
0.4,0.5,0,9.9,0,0
0.4,0.5,1,9.9,0,0
0.4,1,0.5,9.9,0,0
2,0.1,0,9.9,0,0
2,0.1,1,9.9,0,0
2,0.5,0.5,9.9,0,0
2,0.5,0,9.9,0,0
2,0.5,1,9.9,0,0
2,1,0.5,9.9,0,0
2,1,1,9.9,0,0
5,0.1,0.5,9.9,0,0
5,0.1,0,9.9,0,0
5,0.1,1,9.9,0,0
5,0.5,0.5,9.9,0,0
5,0.5,0,9.9,0,0
5,1,0.5,9.9,0,0
0.4,0.1,0.5,10,0,0
0.4,0.1,0,10,0,0
0.4,0.1,1,10,0,0
0.4,0.5,0.5,10,0,0
0.4,0.5,0,10,0,0
0.4,0.5,1,10,0,0
0.4,1,0.5,10,0,0
2,0.1,0,10,0,0
2,0.1,1,10,0,0
2,0.5,0.5,10,0,0
2,0.5,0,10,0,0
2,0.5,1,10,0,0
2,1,0.5,10,0,0
2,1,1,10,0,0
5,0.1,0.5,10,0,0
5,0.1,0,10,0,0
5,0.1,1,10,0,0
5,0.5,0.5,10,0,0
5,0.5,0,10,0,0
5,1,0.5,10,0,0
5,1,0,10,0,0
2,1,0,6.5,0.999999891,7.71E-08
2,1,0,6.9,1.000000091,9.12E-08
2,1,0,7,1.000000107,1.07E-07
2,1,0,7.1,1.000000127,1.27E-07
5,1,0,5.7,1.000000599,1.38E-07
5,1,0,5.6,1.000000638,1.39E-07
5,1,0,5.4,1.000000716,1.43E-07
5,1,0,5.8,1.000000725,1.54E-07
5,1,0,5.3,1.000000923,1.65E-07
5,1,0,5.5,1.000000971,1.69E-07
5,1,0,5.9,1.000000831,1.70E-07
5,1,0,6,1.000000916,1.83E-07
5,1,0,6.1,1.000000899,1.88E-07
5,1,0,5.2,1.000000412,2.11E-07
2,1,0,7.4,1.000000232,2.32E-07
5,1,0,6.2,1.000001598,2.59E-07
2,1,0,6.4,0.999998471,2.75E-07
5,1,0,6.3,1.000001872,2.92E-07
2,1,0,7.3,1.000000563,3.25E-07
5,1,0,6.4,1.000002753,3.71E-07
5,1,0,6.5,1.000003988,4.70E-07
2,1,0,7.6,1.000000745,5.27E-07
2,1,0,7.5,1.000001454,6.50E-07
5,1,0,6.6,1.000007443,6.79E-07
2,1,0,6.3,0.999988106,7.33E-07
5,1,0,5.1,0.999981556,7.46E-07
5,1,0,6.7,1.000007725,7.50E-07
0.4,1,0,7.8,0.99999862,9.76E-07
5,1,0,6.8,1.000012201,9.90E-07
5,1,0,6.9,1.000016278,1.23E-06
0.4,1,0,7.7,0.999996362,1.38E-06
2,1,0,7.7,1.000005308,1.60E-06
5,1,0,7,1.000025036,1.68E-06
2,0.5,0,6.4,1.000064113,1.81E-06
0.4,1,0,7.6,0.999991636,1.83E-06
2,0.5,0,6.5,1.000062663,1.87E-06
2,0.5,0,6.3,1.000056146,1.87E-06
2,0.5,0,6.6,1.000057068,1.88E-06
2,1,0,6.2,0.999915945,1.90E-06
5,1,0,7.1,1.000032411,2.06E-06
2,0.5,0,6.7,1.000062154,2.09E-06
2,0.5,0,6.8,1.000059146,2.18E-06
2,1,0,7.8,1.000008903,2.38E-06
2,0.5,0,6.9,1.000063811,2.44E-06
2,0.5,0,6.2,0.999998357,2.49E-06
2,0.5,0,7,1.000057966,2.52E-06
5,1,0,5,0.999759536,2.60E-06
0.4,1,0,7.5,0.999977634,2.65E-06
5,1,0,7.2,1.0000483,2.76E-06
5,0.5,0,5.8,1.000246496,2.84E-06
5,0.5,0,5.9,1.000237586,2.86E-06
5,0.5,0,6,1.000228804,2.89E-06
5,0.5,0,5.7,1.000267566,2.90E-06
5,0.5,0,6.1,1.000220634,2.93E-06
2,0.5,0,7.1,1.000066174,2.94E-06
5,0.5,0,5.6,1.000285596,2.94E-06
5,0.5,0,5.5,1.000310704,3.02E-06
5,0.5,0,6.2,1.000220552,3.03E-06
5,0.5,0,5.4,1.000344598,3.14E-06
5,0.5,0,6.3,1.000221457,3.17E-06
2,0.5,0,7.2,1.000066825,3.25E-06
5,0.5,0,5.3,1.000381848,3.27E-06
0.4,1,0,7.4,0.999957009,3.34E-06
5,0.5,0,5.2,1.000419567,3.40E-06
5,0.5,0,6.4,1.000234032,3.41E-06
2,1,0,7.9,1.000014532,3.52E-06
5,1,0,7.3,1.00006697,3.59E-06
2,1,0,6.1,0.999719347,3.61E-06
5,0.5,0,6.5,1.000239181,3.63E-06
0.4,0.5,0,7.7,1.000015175,3.65E-06
5,0.5,0,5.1,1.000432793,3.67E-06
2,0.5,0,6.1,0.999824299,3.77E-06
0.4,0.5,0,7.6,1.000008643,3.85E-06
0.4,0.5,0,7.5,0.999992795,3.85E-06
2,0.5,0,7.3,1.000081507,3.97E-06
5,0.5,0,6.6,1.0002581,3.99E-06
0.4,1,0,7.3,0.9999253,4.10E-06
0.4,0.5,0,7.4,0.999969995,4.14E-06
0.4,0.5,0,7.8,1.000019389,4.18E-06
0.4,0.5,0,7.9,1.0000189,4.32E-06
5,0.5,0,6.7,1.000286649,4.47E-06
5,0.5,0,5,1.000221366,4.74E-06
2,0.5,0,7.4,1.000096283,4.80E-06
5,1,0,7.4,1.000099042,4.86E-06
0.4,0.5,0,7.3,0.999933029,4.99E-06
5,0.5,0,6.8,1.000321599,5.07E-06
2,0.5,0,7.5,1.000093947,5.33E-06
2,1,0,8,1.000024436,5.33E-06
0.4,1,0,7.2,0.999863516,5.38E-06
2,1,0,6,0.999505705,5.56E-06
2,0.5,0,6,0.999599242,5.60E-06
0.4,0.5,0,7.2,0.999890879,5.60E-06
2,1,0,8.1,1.00002095,5.81E-06
5,0.5,0,6.9,1.000365354,5.83E-06
5,1,0,4.9,0.999030573,5.98E-06
0.4,1,0,7.1,0.999831575,6.05E-06
0.4,0.5,0,8,1.000025809,6.39E-06
0.4,0.5,0,7.1,0.999849413,6.60E-06
5,1,0,7.5,1.000150174,6.72E-06
2,0.5,0,7.6,1.000118693,6.80E-06
0.4,1,0,7,0.999809422,6.80E-06
5,0.5,0,7,1.000424143,6.81E-06
0.4,0.5,0,7,0.999826241,7.17E-06
2,1,0,5.9,0.999460122,7.32E-06
2,0.5,0,5.9,0.999524447,7.39E-06
0.4,0.5,0,8.2,1.000018987,7.51E-06
5,0.5,0,4.9,0.999521931,7.59E-06
0.4,1,0,6.9,0.999800441,7.61E-06
0.4,0.5,0,6.9,0.999827678,7.70E-06
5,0.5,0,7.1,1.00049217,8.00E-06
0.4,1,0,6.8,0.999814902,8.15E-06
2,0.5,0,7.7,1.000138275,8.35E-06
5,1,0,7.6,1.000181162,8.38E-06
0.4,0.5,0,8.1,1.000038796,8.43E-06
0.4,0.5,0,6.8,0.999824161,8.71E-06
2,1,0,5.8,0.999518902,8.88E-06
2,1,0,8.2,1.000036304,9.08E-06
0.4,1,0,6.7,0.999812478,9.19E-06
2,0.5,0,5.8,0.999545049,9.25E-06
0.4,0.5,0,8.3,1.000027302,9.65E-06
5,0.5,0,7.2,1.000594945,9.66E-06
0.4,0.5,0,6.7,0.999829718,9.80E-06
0.4,0.5,0,6.6,0.999834752,1.06E-05
2,1,0,5.7,0.999565966,1.08E-05
0.4,1,0,6.6,0.999796708,1.08E-05
2,0.5,0,5.7,0.999602936,1.12E-05
2,0.5,0,7.8,1.000190786,1.13E-05
5,1,0,7.7,1.000270374,1.16E-05
5,0.5,0,7.3,1.000701294,1.16E-05
5,1,0,4.8,0.998206499,1.18E-05
0.4,1,0,6.5,0.999808495,1.20E-05
0.4,0.5,0,6.5,0.99983813,1.24E-05
0.4,0.5,0,8.4,1.000030781,1.26E-05
0.4,0.5,0,6.4,0.999876235,1.32E-05
0.4,1,0,6.4,0.999822226,1.33E-05
2,1,0,5.6,0.999587974,1.34E-05
2,0.5,0,7.9,1.000203786,1.36E-05
2,0.5,0,5.6,0.999638326,1.36E-05
5,0.5,0,4.8,0.998659473,1.37E-05
0.4,1,0,6.3,0.99985581,1.40E-05
5,0.5,0,7.4,1.000829452,1.41E-05
2,1,0,8.3,1.000068065,1.49E-05
5,1,0,7.8,1.000367822,1.55E-05
2,1,0,8.4,1.000049306,1.56E-05
2,1,0,5.5,0.99962206,1.62E-05
2,0.5,0,5.5,0.99966965,1.64E-05
2,0.5,0,8,1.000224265,1.66E-05
0.4,0.5,0,8.6,1.000023666,1.67E-05
0.4,0.5,0,6.3,0.999835136,1.68E-05
5,0.5,0,7.5,1.00102109,1.76E-05
0.4,0.5,0,8.5,1.000045575,1.86E-05
0.4,1,0,6.2,0.999808161,1.89E-05
2,1,0,5.4,0.999677017,1.90E-05
0.4,1,0,8.7,1.000019042,1.90E-05
5,1,0,4.7,0.998226027,1.98E-05
2,0.5,0,5.4,0.999702867,2.04E-05
5,1,0,7.9,1.000473651,2.05E-05
0.4,1,0,6.1,0.999832498,2.09E-05
2,0.5,0,8.1,1.000265949,2.13E-05
0.4,0.5,0,6.2,0.999785333,2.14E-05
5,0.5,0,7.6,1.001207777,2.16E-05
0.4,0.5,0,6.1,0.999846083,2.20E-05
5,0.5,0,4.7,0.998649421,2.32E-05
0.4,1,0,6,0.99983817,2.44E-05
2,0.5,0,5.3,0.999726166,2.47E-05
2,1,0,5.3,0.999646844,2.49E-05
5,1,0,4.6,0.998713158,2.70E-05
5,0.5,0,7.7,1.001468113,2.71E-05
5,1,0,8,1.000646387,2.78E-05
0.4,0.5,0,6,0.999806471,2.91E-05
2,1,0,5.2,0.999683489,2.99E-05
2,0.5,0,8.2,1.000386706,3.04E-05
5,1,0,4.5,0.999141548,3.15E-05
0.4,0.5,0,5.9,0.999880602,3.16E-05
2,1,0,5.1,0.999769425,3.17E-05
2,1,0,8.5,1.000138105,3.17E-05
0.4,1,0,5.9,0.999809943,3.21E-05
5,0.5,0,4.6,0.999229278,3.22E-05
2,0.5,0,5.2,0.99967127,3.25E-05
0.4,0.5,0,5.8,0.999889118,3.36E-05
5,0.5,0,7.8,1.001816511,3.47E-05
5,1,0,4.4,0.999323503,3.63E-05
2,0.5,0,5.1,0.999785834,3.73E-05
0.4,0.5,0,8.7,1.000076375,3.82E-05
5,0.1,0,5.1,1.048953641,3.82E-05
5,0.1,0,5.2,1.04833777,3.83E-05
5,0.1,0,5.3,1.047815545,3.84E-05
5,1,0,8.1,1.000895344,3.84E-05
2,0.5,0,8.3,1.000436974,3.85E-05
5,0.1,0,5.4,1.047382682,3.87E-05
5,0.1,0,5,1.048957412,3.88E-05
0.4,0.5,0,5.7,0.999871307,3.88E-05
5,0.1,0,5.5,1.046939946,3.90E-05
5,0.1,0,5.6,1.046684103,3.95E-05
0.4,1,0,5.8,0.999796202,4.00E-05
5,1,0.5,5.5,1.048598314,4.00E-05
5,0.1,0,5.7,1.04638272,4.01E-05
5,1,0.5,5.6,1.048709145,4.02E-05
0.4,1,0,5.7,0.999860713,4.02E-05
5,0.5,0,4.5,0.999566471,4.03E-05
5,1,0.5,5.4,1.048673917,4.04E-05
5,1,0.5,5.7,1.049004045,4.08E-05
5,0.1,0,5.8,1.046189813,4.09E-05
5,1,0.5,5.3,1.04897923,4.16E-05
5,1,0.5,5.8,1.049162558,4.17E-05
5,0.1,0,5.9,1.046205517,4.19E-05
2,1,0,8.6,1.000163479,4.22E-05
5,1,0.5,5.9,1.049445044,4.28E-05
5,0.5,0,7.9,1.002100905,4.32E-05
5,0.1,0,6,1.046340835,4.32E-05
5,1,0,4.3,0.999406798,4.34E-05
2,0.1,0,6.1,1.0402443,4.36E-05
5,1,0.5,5.2,1.049043076,4.36E-05
5,0.1,0,4.9,1.047464407,4.41E-05
2,0.1,0,6.2,1.041694578,4.41E-05
5,1,0.5,6,1.049805124,4.42E-05
5,0.1,0,6.1,1.046583219,4.47E-05
5,1,0.5,6.1,1.049573281,4.56E-05
2,0.5,0,5,0.999797945,4.57E-05
0.4,1,0,5.6,0.999878204,4.60E-05
2,0.1,0,6.3,1.042282651,4.61E-05
5,0.1,0,6.2,1.046832287,4.65E-05
5,1,0.5,5.1,1.049304987,4.70E-05
5,1,0,4.2,0.999508608,4.72E-05
5,1,0.5,6.2,1.049556466,4.74E-05
2,0.1,0,6,1.037439272,4.78E-05
2,0.1,0,6.4,1.042616223,4.85E-05
5,0.1,0,6.3,1.047590469,4.89E-05
5,1,0.5,6.3,1.049460523,4.94E-05
2,1,0,5,0.999658527,4.98E-05
5,1,0,8.2,1.001071001,5.02E-05
5,0.5,0,4.4,0.999834205,5.10E-05
2,0.1,0,6.5,1.043116121,5.14E-05
5,0.1,0,6.4,1.048167574,5.15E-05
5,1,0.5,5,1.049184623,5.17E-05
5,1,0.5,6.4,1.049436942,5.18E-05
0.4,0.5,0,8.8,1.000091785,5.30E-05
5,0.5,0.5,5.6,1.08074156,5.30E-05
5,0.5,0.5,5.7,1.079840161,5.31E-05
5,0.5,0.5,5.5,1.08178408,5.35E-05
5,0.5,0.5,5.8,1.079253833,5.39E-05
2,0.5,0,8.4,1.000608592,5.44E-05
5,1,1,5.8,1.086718404,5.44E-05
5,1,0.5,6.5,1.049388952,5.46E-05
5,0.5,0.5,5.4,1.082866596,5.48E-05
5,1,1,5.9,1.08493418,5.48E-05
2,0.1,0,6.6,1.043786107,5.49E-05
5,0.1,0,6.5,1.049184318,5.49E-05
5,1,1,5.7,1.088712004,5.49E-05
5,0.5,0.5,5.9,1.079133865,5.51E-05
5,1,1,6,1.083888285,5.59E-05
5,0.5,0,8,1.002590574,5.60E-05
5,1,1,5.6,1.091058251,5.63E-05
5,0.5,0.5,6,1.078973432,5.67E-05
5,0.5,0.5,5.3,1.084079544,5.70E-05
5,1,1,6.1,1.083475305,5.77E-05
5,1,0.5,6.6,1.049457387,5.78E-05
5,1,0.5,4.9,1.048859026,5.83E-05
5,1,1,5.5,1.093122852,5.85E-05
5,0.5,0.5,6.1,1.078746407,5.86E-05
5,0.1,0,6.6,1.050287109,5.88E-05
2,0.1,0,5.9,1.03416637,5.89E-05
2,0.1,0,6.7,1.044509663,5.90E-05
2,1,0.5,6.4,1.052817706,5.93E-05
2,1,0,8.7,1.000213805,5.93E-05
5,0.5,0,4.3,1.00003213,5.94E-05
5,0.5,1,5.7,1.098425064,5.95E-05
2,1,0.5,6.5,1.051410888,5.95E-05
5,0.5,1,5.8,1.096955692,5.95E-05
2,1,0.5,6.3,1.053984063,5.99E-05
5,1,1,6.2,1.08318289,6.00E-05
5,0.5,1,5.6,1.100418833,6.04E-05
5,0.5,1,5.9,1.096187538,6.04E-05
5,0.5,0.5,5.2,1.085201826,6.04E-05
2,1,0.5,6.6,1.050028494,6.06E-05
5,0.5,0.5,6.2,1.07877532,6.10E-05
2,1,0.5,6.2,1.055035371,6.17E-05
5,1,1,5.4,1.094993143,6.17E-05
5,1,0.5,6.7,1.049581199,6.17E-05
5,0.5,1,5.5,1.102612937,6.22E-05
5,0.5,1,6,1.096333913,6.24E-05
5,1,0,4.1,0.999447507,6.25E-05
2,1,0.5,6.7,1.048942071,6.28E-05
5,1,1,6.3,1.083432756,6.29E-05
0.4,0.5,0,5.6,0.999842528,6.31E-05
5,0.1,0,6.7,1.051601794,6.35E-05
5,0.5,0.5,6.3,1.078972896,6.38E-05
2,0.1,0,6.8,1.045410113,6.39E-05
2,0.5,0,8.5,1.000586962,6.44E-05
2,1,0.5,6.1,1.05581665,6.44E-05
5,0.5,1,6.1,1.096887956,6.48E-05
5,0.5,1,5.4,1.104429659,6.49E-05
5,0.5,0.5,5.1,1.086077994,6.53E-05
5,0.1,0,4.8,1.043706181,6.57E-05
2,1,0.5,6.8,1.047717976,6.58E-05
5,1,1,5.3,1.096313914,6.60E-05
5,1,1,6.4,1.083731401,6.62E-05
5,1,0.5,6.8,1.049823325,6.63E-05
2,1,0,4.9,0.99961032,6.68E-05
5,0.1,0.5,5.5,1.117902775,6.69E-05
5,0.5,0.5,6.4,1.079089288,6.70E-05
5,0.1,0.5,5.6,1.118292745,6.71E-05
5,1,0.5,4.8,1.048382449,6.74E-05
5,0.1,0.5,5.4,1.118196309,6.78E-05
5,0.5,1,6.2,1.097756546,6.78E-05
5,0.1,0.5,5.7,1.118704074,6.80E-05
2,1,0.5,6,1.05596912,6.83E-05
5,0.5,1,5.3,1.106118433,6.88E-05
5,0.1,0,6.8,1.05330408,6.92E-05
5,1,0,4,0.999516973,6.93E-05
5,0.1,0.5,5.3,1.118554131,6.95E-05
5,1,0,8.3,1.00144171,6.97E-05
2,0.1,0,6.9,1.046431235,6.97E-05
5,0.1,0.5,5.8,1.120061381,6.99E-05
2,1,0.5,6.9,1.04703209,7.02E-05
5,1,1,6.5,1.084224475,7.03E-05
5,0.5,0.5,6.5,1.079211562,7.08E-05
5,0.5,0,8.1,1.002980205,7.14E-05
5,0.5,1,6.3,1.098873934,7.15E-05
2,1,0,4.8,0.99971381,7.15E-05
2,0.5,0,4.9,0.999704451,7.16E-05
5,1,1,5.2,1.097386339,7.17E-05
5,1,0.5,6.9,1.050324752,7.18E-05
5,0.5,0,4.2,1.000033344,7.21E-05
5,0.5,0.5,5,1.086883593,7.22E-05
5,0.1,0.5,5.9,1.121607759,7.22E-05
5,0.1,0.5,5.2,1.119066232,7.25E-05
2,1,0.5,5.9,1.055721476,7.37E-05
5,0.5,1,5.2,1.107594627,7.40E-05
2,0.1,0,5.8,1.0311494,7.46E-05
5,1,1,6.6,1.084600535,7.48E-05
5,0.1,0.5,6,1.123757027,7.53E-05
5,0.5,0.5,6.6,1.079722994,7.53E-05
2,1,0.5,7,1.046515789,7.57E-05
5,0.5,1,6.4,1.100249304,7.58E-05
5,0.1,0,6.9,1.055378332,7.62E-05
2,0.1,0,7,1.047802735,7.70E-05
5,0.1,0.5,5.1,1.119573715,7.70E-05
5,0.1,1,5.6,1.143297359,7.71E-05
5,0.1,1,5.5,1.141755261,7.71E-05
5,0.1,1,5.7,1.145582809,7.81E-05
5,0.1,1,5.4,1.140576811,7.82E-05
2,0.5,0.5,6.4,1.08803129,7.82E-05
5,1,0.5,7,1.051160346,7.87E-05
2,0.5,0.5,6.3,1.089310536,7.88E-05
5,0.1,0.5,6.1,1.126233591,7.89E-05
2,0.5,0.5,6.5,1.086907068,7.92E-05
5,1,1,5.1,1.097950533,7.93E-05
5,1,0.5,4.7,1.047284967,7.94E-05
5,0.1,1,5.8,1.148492046,8.02E-05
5,1,1,6.7,1.085334264,8.03E-05
5,0.1,1,5.3,1.13986488,8.05E-05
5,0.5,1,5.1,1.108389668,8.06E-05
5,0.5,1,6.5,1.101672406,8.07E-05
5,0.5,0.5,6.7,1.080437918,8.07E-05
2,0.5,0.5,6.2,1.090065323,8.08E-05
2,1,0.5,5.8,1.055378955,8.12E-05
5,0.5,0.5,4.9,1.087111504,8.13E-05
5,1,0,3.9,0.999478895,8.13E-05
2,0.5,0.5,6.6,1.086181979,8.15E-05
2,1,0,8.8,1.000260064,8.22E-05
2,1,0.5,7.1,1.046421193,8.26E-05
2,0.5,0,4.8,0.999762889,8.30E-05
5,0.1,0.5,5,1.119725849,8.31E-05
5,0.1,1,5.9,1.151732213,8.31E-05
5,0.1,0.5,6.2,1.128880624,8.32E-05
2,1,1,6.5,1.096774538,8.34E-05
2,1,1,6.4,1.098320172,8.35E-05
5,0.1,1,5.2,1.138867006,8.37E-05
5,0.1,0,7,1.057335008,8.42E-05
2,1,1,6.6,1.094927279,8.46E-05
2,0.5,0.5,6.1,1.091313097,8.49E-05
2,0.5,0.5,6.7,1.085410727,8.53E-05
2,1,1,6.3,1.099821919,8.53E-05
2,0.1,0,7.1,1.049243242,8.55E-05
5,0.5,1,6.6,1.103239241,8.65E-05
5,1,1,6.8,1.086105345,8.66E-05
5,0.5,0,4.1,0.999940232,8.68E-05
5,1,0.5,7.1,1.052340524,8.69E-05
5,0.1,1,6,1.155269964,8.69E-05
5,0.5,0.5,6.8,1.081235664,8.72E-05
2,1,1,6.7,1.093452224,8.74E-05
5,0.1,0.5,6.3,1.131656568,8.81E-05
5,0.1,1,5.1,1.138061868,8.84E-05
2,1,1,6.2,1.101275222,8.90E-05
5,0.5,1,5,1.109232364,8.93E-05
5,1,1,5,1.098301614,8.93E-05
2,0.5,0.5,6.8,1.085120714,9.05E-05
2,1,0.5,7.2,1.046186411,9.07E-05
2,0.5,0.5,6,1.091666132,9.07E-05
0.4,1,0,5.5,0.999685732,9.07E-05
2,1,0.5,5.7,1.054298887,9.10E-05
5,0.1,1,6.1,1.158872831,9.14E-05
5,0.1,0.5,4.9,1.120065324,9.17E-05
2,1,1,6.8,1.09235415,9.19E-05
2,0.5,0,8.6,1.000802297,9.20E-05
2,0.1,0,5.7,1.028366335,9.24E-05
2,1,0,4.7,0.999692127,9.28E-05
5,0.5,1,6.7,1.104516724,9.31E-05
5,1,0,8.4,1.001795089,9.34E-05
5,0.5,0.5,4.8,1.087150096,9.36E-05
5,0.1,0.5,6.4,1.135194511,9.39E-05
5,0.1,0,7.1,1.059498983,9.39E-05
5,1,1,6.9,1.087000532,9.40E-05
5,0.5,0,8.2,1.003613759,9.43E-05
2,1,1,6.1,1.102098447,9.45E-05
5,0.5,0.5,6.9,1.082029068,9.45E-05
5,0.1,1,5,1.137135421,9.47E-05
5,1,0,3.8,0.999506181,9.48E-05
5,1,0.5,4.6,1.046075941,9.55E-05
2,0.5,1,6.4,1.122691574,9.58E-05
2,0.1,0,7.2,1.050909269,9.59E-05
0.4,0.1,0,7.1,1.038882984,9.60E-05
0.4,0.5,0,5.5,0.99975984,9.62E-05
2,0.5,1,6.5,1.120988151,9.63E-05
5,0.1,1,6.2,1.162308979,9.63E-05
2,0.5,1,6.3,1.1236926,9.68E-05
5,1,0.5,7.2,1.053760006,9.69E-05
0.4,0.1,0,7.2,1.041088807,9.70E-05
2,0.5,0.5,6.9,1.085256265,9.76E-05
2,1,1,6.9,1.091624162,9.81E-05
2,0.5,1,6.6,1.119539548,9.86E-05
0.4,0.1,0,7,1.036506933,9.88E-05
2,0.5,0.5,5.9,1.092181483,9.91E-05
2,1,0.5,7.3,1.045777981,0.000100036
2,0.5,1,6.2,1.124864575,0.000100158
5,0.5,1,4.9,1.109981432,0.000100549
5,0.1,0.5,6.5,1.138354423,0.000100608
5,0.5,1,6.8,1.106109938,0.00010088
2,0.5,0,4.7,0.999695044,0.000101642
5,0.1,1,6.3,1.165887347,0.000102176
5,1,1,4.9,1.09841584,0.000102419
2,1,1,6,1.102469185,0.000102447
5,1,1,7,1.08811534,0.000102768
2,0.5,1,6.7,1.118337152,0.000102786
0.4,0.1,0,7.3,1.043348359,0.000103079
5,0.1,1,4.9,1.136623492,0.000103272
5,0.5,0.5,7,1.0832151,0.000103532
5,0.1,0.5,4.8,1.120824189,0.000103571
2,1,0.5,5.6,1.052823482,0.000103878
0.4,1,0.5,7.1,1.035196534,0.000105114
0.4,0.1,0,6.9,1.034542045,0.000105163
2,0.5,1,6.1,1.125364103,0.000105541
2,0.5,0.5,7,1.084890885,0.000105657
5,0.1,0,7.2,1.061918419,0.000105676
0.4,1,0.5,7,1.036079755,0.000105773
2,1,1,7,1.091089808,0.000105923
5,0.5,0,4,1.000045855,0.000106558
0.4,1,0.5,7.2,1.034102202,0.000106745
0.4,1,0.5,6.9,1.036422909,0.000107279
5,0.1,0.5,6.6,1.141643979,0.000108293
5,1,0.5,7.3,1.05495873,0.000108434
5,0.1,1,6.4,1.16868951,0.000108539
2,0.1,0.5,6.3,1.153480968,0.000108675
0.4,0.5,0,9,1.000153728,0.000108698
2,0.1,0,7.3,1.053031085,0.000108765
0.4,1,0.5,7.3,1.032705704,0.000108929
2,0.5,1,6.8,1.117418227,0.00010893
2,0.1,0.5,6.2,1.151744298,0.000109329
5,0.5,1,6.9,1.10764255,0.000110028
2,0.1,0.5,6.4,1.155203415,0.0001101
2,0.5,0.5,5.8,1.092163,0.000110284
5,0.5,0.5,4.7,1.087532423,0.00011047
0.4,1,0.5,6.8,1.03670745,0.000110855
2,1,0.5,7.4,1.045915497,0.000111821
2,0.1,0,5.6,1.025885803,0.000112185
2,0.1,0.5,6.1,1.149747201,0.000112734
0.4,1,0.5,7.4,1.031119998,0.000112876
5,0.5,0,3.9,1.000121834,0.000112984
5,1,1,7.1,1.089454697,0.000113352
2,1,1,5.9,1.102707005,0.000113421
0.4,0.1,0,7.4,1.045195456,0.000113476
2,0.1,0.5,6.5,1.157441984,0.000113873
2,0.5,1,6,1.126067931,0.000113914
5,0.5,0.5,7.1,1.084744275,0.000114285
5,0.1,1,4.8,1.136186946,0.000114403
0.4,0.1,0,6.8,1.032580752,0.000114446
5,0.5,1,4.8,1.110583998,0.000114839
5,0.1,1,6.5,1.17097718,0.000115566
2,1,1,7.1,1.090954311,0.000115749
2,0.5,0.5,7.1,1.085085921,0.000116007
0.4,1,0.5,6.7,1.036649444,0.000116306
5,1,0.5,4.5,1.045042262,0.000116682
2,0.5,1,6.9,1.117057457,0.000116935
5,0.1,0.5,6.7,1.144772531,0.000117015
5,0.1,0,4.7,1.039121406,0.000117168
0.4,1,0.5,7.5,1.029451216,0.000118103
0.4,0.5,0,5.4,0.999665552,0.000118228
5,0.1,0.5,4.7,1.120958108,0.000118505
2,0.5,0,8.7,1.000874876,0.000119004
2,0.1,0.5,6,1.148043251,0.000119059
5,1,1,4.8,1.098194691,0.000119194
2,0.1,0.5,6.6,1.159219861,0.000119481
5,0.1,0,7.3,1.064814164,0.00011988
2,0.5,0,4.6,0.999719787,0.000120081
5,0.5,1,7,1.108813203,0.000120532
2,1,0.5,5.5,1.051016381,0.000120712
2,1,0,4.6,0.999658368,0.000120767
5,1,0.5,7.4,1.056899139,0.000123296
5,0.1,1,6.6,1.172762739,0.000123561
2,0.1,0,7.4,1.055082669,0.000124009
5,1,0,8.5,1.002170845,0.000124577
0.4,1,0.5,6.6,1.036387746,0.00012463
5,0.5,0,8.3,1.004383265,0.000124701
2,0.5,0.5,5.7,1.091774031,0.000125083
2,0.5,1,5.9,1.125876192,0.000125144
0.4,0.1,0,6.7,1.030701714,0.000125227
5,1,1,7.2,1.091018699,0.000125838
0.4,1,0.5,7.6,1.027982329,0.000125852
2,1,0.5,7.5,1.046440643,0.000126473
5,0.5,0.5,7.2,1.086299546,0.000126823
2,0.1,0.5,6.7,1.160890849,0.000127012
2,0.5,1,7,1.117041136,0.00012711
5,0.1,0.5,6.8,1.148279094,0.000127371
2,1,1,7.2,1.09082252,0.000127468
2,0.5,0.5,7.2,1.085146159,0.000127574
2,1,1,5.8,1.102707488,0.000127615
0.4,0.1,0,7.5,1.047036479,0.000128193
2,0.1,0.5,5.9,1.146367433,0.000128711
5,0.1,1,4.7,1.136279297,0.000128995
2,0.5,0,4.3,1.000130327,0.000130327
5,0.1,1,6.7,1.174269379,0.000132581
5,0.5,0.5,4.6,1.087662042,0.000132681
5,0.5,1,7.1,1.110328708,0.000133043
5,0.5,1,4.7,1.111463119,0.000133314
0.4,1,0.5,7.7,1.025974361,0.00013485
0.4,1,0.5,6.5,1.03550949,0.000135204
2,1,0,8.9,1.00042996,0.000135939
2,0.1,0.5,6.8,1.16319595,0.000136792
2,0.1,0,5.5,1.023758975,0.000136829
5,0.1,0,7.4,1.067665952,0.000136896
0.4,0.1,0,6.6,1.028754321,0.000137959
5,0.1,0.5,4.6,1.121507105,0.000138303
2,0.5,1,7.1,1.116771386,0.000138766
5,0.1,0.5,6.9,1.15140443,0.000139233
5,1,0,3.7,0.999221262,0.000139813
2,0.5,1,5.8,1.125896328,0.00014053
5,1,1,7.3,1.092361511,0.000140785
2,1,1,7.3,1.090344172,0.000140865
5,1,0.5,7.5,1.058958256,0.000141091
0.4,1,0,5.4,0.999511102,0.000141101
5,1,1,4.7,1.098786652,0.0001412
2,0.5,0.5,7.3,1.085145267,0.000141545
5,0.5,0.5,7.3,1.088324093,0.000142354
2,0.1,0.5,5.8,1.144620761,0.000142645
2,0.1,0,7.5,1.057327088,0.000142813
5,0.1,1,6.8,1.175921369,0.000143139
5,0.5,0,3.8,1.000254772,0.000143289
2,1,0.5,5.4,1.049312344,0.000143613
5,1,0.5,4.4,1.044179088,0.000143746
2,1,0.5,7.6,1.046557014,0.000143765
0.4,1,0,5.2,0.999795606,0.000144521
2,0.5,0.5,5.6,1.091139712,0.000144671
5,1,0,3.6,0.999469665,0.000145744
2,1,1,5.7,1.101912978,0.000145768
0.4,0.1,0,7.6,1.048620224,0.000147252
5,0.5,1,7.2,1.111902404,0.000147659
2,0.1,0.5,6.9,1.164900101,0.000148291
0.4,1,0.5,7.8,1.024772374,0.000148324
5,0.1,1,4.6,1.137018864,0.000148521
0.4,0.5,0,5.3,0.999667664,0.000148606
0.4,1,0.5,6.4,1.034427446,0.00015002
2,0.1,1,6.6,1.197091539,0.000151752
2,0.1,1,6.5,1.203901623,0.000151853
2,0.5,1,7.2,1.115990328,0.000152646
2,0.1,1,6.4,1.209750744,0.000152656
2,0.1,1,6.7,1.189346796,0.00015277
5,0.1,0.5,7,1.154569355,0.000153059
2,0.1,1,6.3,1.214374652,0.000154701
0.4,1,0,5.1,0.999844889,0.000155111
0.4,0.1,0,6.5,1.027249216,0.000155218
5,0.1,1,6.9,1.177253165,0.000155347
2,0.1,1,6.8,1.18151519,0.00015539
5,0.5,0,3.7,0.99984827,0.000155888
0.4,1,0,5.3,0.999617542,0.000156113
5,0.5,1,4.6,1.112784945,0.000156558
2,1,1,7.4,1.090136427,0.000157059
2,0.1,1,6.2,1.217373905,0.00015725
5,0.1,0,7.5,1.070515286,0.000157683
5,1,1,7.4,1.09422756,0.000158453
2,0.5,0.5,7.4,1.08540867,0.00015867
5,0.5,0.5,7.4,1.090051038,0.000160472
2,0.5,1,5.7,1.125167892,0.0001606
5,0.5,0,8.4,1.005007208,0.000161024
2,0.1,1,6.9,1.17541609,0.000161049
2,0.1,1,6.1,1.219829981,0.000161416
2,1,0,4.4,0.99990656,0.000161849
5,0.5,0.5,4.5,1.08791223,0.000161904
2,0.1,0.5,5.7,1.142451703,0.000161933
2,0.1,0.5,7,1.166385776,0.0001621
5,1,0.5,7.6,1.060752611,0.000162286
5,0.1,0.5,4.5,1.121887299,0.000163982
0.4,1,0.5,7.9,1.023564066,0.000165052
2,1,0.5,7.7,1.047067376,0.000165089
5,0.5,1,7.3,1.114074176,0.000165702
2,0.1,0,7.6,1.059605935,0.000166069
5,1,0,8.6,1.002542318,0.000166322
2,0.1,0,5.4,1.022000593,0.000166797
2,0.1,1,6,1.221594344,0.000166991
2,1,1,5.6,1.100635987,0.000168419
5,1,1,4.6,1.099430334,0.000168716
0.4,1,0.5,6.3,1.033080112,0.000168947
5,0.1,1,7,1.177991575,0.000168955
2,0.5,1,7.3,1.115896443,0.000169461
5,0.1,0.5,7.1,1.157770186,0.000169518
2,0.5,0.5,5.5,1.090177033,0.000169828
2,0.1,1,7,1.170387861,0.000170164
0.4,0.1,0,7.7,1.050518947,0.000171231
2,1,0.5,5.3,1.047132041,0.00017309
5,0.1,1,4.5,1.13891521,0.000174145
0.4,0.5,0.5,7,1.093815834,0.000174635
5,1,0.5,4.3,1.043175747,0.000174823
2,0.1,1,5.9,1.223150043,0.000175034
0.4,0.1,0,6.4,1.025991098,0.000175397
0.4,0.5,0.5,7.1,1.09176096,0.000175778
0.4,0.5,0.5,6.9,1.094908136,0.000176223
2,1,1,7.5,1.089523924,0.00017634
2,0.5,0.5,7.5,1.08514803,0.000178444
2,0.1,0.5,7.1,1.168340921,0.000178538
2,0.5,0,8.8,1.001202308,0.000179124
5,1,1,7.5,1.096312885,0.000180089
0.4,0.5,0.5,7.2,1.089818337,0.000180199
0.4,0.5,0.5,6.8,1.094755015,0.000180213
2,0.1,1,7.1,1.165381415,0.000182076
5,0.5,0.5,7.5,1.091905528,0.000182316
5,0.1,0,7.6,1.073628839,0.000183224
5,0.1,0,4.6,1.035457826,0.000183756
2,0.1,1,5.8,1.223408088,0.000184675
0.4,1,0.5,8,1.022522109,0.000184799
5,0.1,1,7.1,1.178569739,0.000184801
0.4,0.5,0.5,7.3,1.086868731,0.000186225
2,0.5,1,5.6,1.123544387,0.000186351
0.4,1,1,7,1.100343309,0.000186635
5,0.5,1,4.5,1.114929146,0.000186746
0.4,1,1,7.1,1.098058971,0.000186779
5,0.5,1,7.4,1.116246496,0.00018709
2,0.1,0.5,5.6,1.139687671,0.000187615
2,0.5,0,4.5,0.999524912,0.000187765
0.4,0.5,0.5,6.7,1.094289358,0.000188694
5,0.1,0.5,7.2,1.160908078,0.000188906
5,1,0.5,7.7,1.063398628,0.000189189
0.4,1,1,6.9,1.101436235,0.000189347
2,0.5,1,7.4,1.116727664,0.000190206
0.4,1,1,7.2,1.095747078,0.000190756
5,0.5,0,3.6,0.999885431,0.000190951
2,1,0.5,7.8,1.048158746,0.000192748
2,0.5,0,4.4,0.999740507,0.000193408
0.4,1,1,6.8,1.101881574,0.000194322
0.4,0.1,0,6.3,1.024433184,0.000194872
2,0.1,0,7.7,1.062419362,0.000194969
0.4,0.5,0.5,7.4,1.083168977,0.000195147
0.4,1,0.5,6.2,1.031987753,0.000195878
5,1,0,3.5,0.999239235,0.000196359
2,0.1,1,5.7,1.223343343,0.000196505
2,0.1,0.5,7.2,1.16903513,0.00019692
2,1,0,4.2,0.999803033,0.000196967
0.4,1,1,7.3,1.092594774,0.000197191
2,1,1,5.5,1.099399045,0.00019782
5,0.1,0.5,4.4,1.12339225,0.000197822
2,0.1,1,7.2,1.162276753,0.000198078
0.4,0.1,0,7.8,1.051824963,0.000199671
2,1,1,7.6,1.089497734,0.000200008
5,0.5,0.5,4.4,1.089011768,0.000200901
5,1,1,4.5,1.100854881,0.000202621
2,0.5,0.5,5.4,1.088545992,0.000203112
0.4,0.5,0.5,6.6,1.093416459,0.00020331
0.4,1,1,6.7,1.101609166,0.000203518
2,0.5,0.5,7.6,1.085924529,0.000203527
5,0.1,1,7.2,1.179972449,0.000204346
0.4,1,1,7.4,1.089007118,0.000205731
0.4,0.5,0.5,7.5,1.079255768,0.000206107
5,1,1,7.6,1.098603554,0.00020619
2,0.1,0,5.3,1.020882806,0.000206666
5,0.1,1,4.4,1.143337352,0.000208026
2,1,0.5,5.2,1.044499386,0.000210025
5,0.5,0.5,7.6,1.094142119,0.000210088
5,1,0.5,4.2,1.042616616,0.000210806
2,1,0,4.5,0.999298961,0.000211304
5,0.1,0.5,7.3,1.164313245,0.000211768
2,0.1,1,5.6,1.222986018,0.000212164
2,0.5,0,8.9,1.000996332,0.000212318
5,0.5,1,7.5,1.1181898,0.000212889
5,0.1,0,7.7,1.076451314,0.000213192
0.4,1,1,7.5,1.08415482,0.000214289
2,0.5,1,7.5,1.11614884,0.00021445
0.4,1,0.5,8.1,1.022016286,0.000215332
2,0.1,1,7.3,1.15953465,0.000217148
5,0.5,0,8.5,1.006086642,0.000218072
0.4,1,1,6.6,1.101207033,0.000219155
2,0.1,0.5,7.3,1.170230938,0.000219285
2,0.5,1,5.5,1.122263511,0.000219565
0.4,0.5,0.5,7.6,1.075525608,0.000220241
5,1,0.5,7.8,1.06561945,0.000220778
0.4,0.1,0,6.2,1.023086585,0.00022342
2,0.1,0.5,5.5,1.13773672,0.000223707
0.4,0.5,0.5,6.5,1.091392048,0.000223847
0.4,1,0.5,6.1,1.02920868,0.000224208
2,1,0.5,7.9,1.048996355,0.000225306
5,0.5,1,4.4,1.119075868,0.000225919
0.4,1,1,7.6,1.079458778,0.000226331
5,0.1,1,7.3,1.18046478,0.000226534
5,1,0,8.7,1.003019859,0.000227926
2,1,1,7.7,1.090343645,0.000229555
2,0.1,0,7.8,1.065181424,0.000230614
2,1,0,9,1.00080016,0.000230902
2,0.1,1,5.5,1.222503262,0.000231177
0.4,0.1,0,7.9,1.053456348,0.000234957
2,0.5,0.5,7.7,1.087437116,0.00023496
2,1,0,4.3,0.999591169,0.000236006
0.4,0.5,0.5,7.7,1.070722508,0.000236009
2,1,1,5.4,1.098496027,0.000236038
5,1,1,7.7,1.099769131,0.000236073
5,0.1,0.5,7.4,1.16749933,0.000238836
5,0.5,0,3.5,1,0.000239934
0.4,1,1,7.7,1.073941613,0.000239972
5,0.1,0.5,4.3,1.12493094,0.000240239
2,0.1,1,7.4,1.157456545,0.000240456
0.4,1,1,6.5,1.099585353,0.000241256
5,0.5,0.5,7.7,1.096316843,0.000241945
2,0.5,1,7.6,1.115452022,0.000242796
5,1,1,4.4,1.104579516,0.000244197
5,0.5,1,7.6,1.121246895,0.000244376
5,1,0.5,4.1,1.041611087,0.000245036
0.4,0.5,1,7,1.152278668,0.000245798
2,0.1,0.5,7.4,1.170827227,0.000245817
0.4,0.5,1,6.9,1.154877567,0.000246019
2,0.5,0.5,5.3,1.087133233,0.000247348
0.4,0.5,1,7.1,1.148246443,0.000248684
0.4,1,0.5,8.2,1.021442946,0.00024873
5,0.1,0,4.5,1.033205107,0.000248937
0.4,0.5,1,6.8,1.155587265,0.000249746
5,0.5,0.5,4.3,1.091388374,0.000249875
2,0.5,0,9,1.000865988,0.00024989
5,0.1,0,7.8,1.079250834,0.000250169
2,0.1,0,5.2,1.019285506,0.000250608
5,0.1,1,4.3,1.150098473,0.000251543
0.4,0.5,0.5,6.4,1.088905646,0.000252806
5,0.1,1,7.4,1.181651427,0.000253696
2,0.1,1,5.4,1.221633158,0.000254512
0.4,0.5,1,7.2,1.143596042,0.000255648
0.4,1,0.5,6,1.025840013,0.000257011
0.4,0.5,0.5,7.8,1.066533015,0.0002578
0.4,0.1,0,6.1,1.022045481,0.000257978
2,1,0.5,5.1,1.042134363,0.000258106
0.4,0.5,1,6.7,1.155073117,0.000258498
0.4,1,1,7.8,1.069459828,0.000259422
2,0.5,1,5.4,1.120729457,0.000259857
5,1,0.5,7.9,1.06824689,0.000261547
0.4,0.5,1,7.3,1.137523702,0.000263546
2,1,1,7.8,1.090433221,0.000265158
2,1,0.5,8,1.049873588,0.000265497
5,1,0,3.4,0.999491999,0.000267711
2,0.1,0.5,5.4,1.13508694,0.000269187
2,0.1,1,7.5,1.156451964,0.000269578
5,0.5,1,4.3,1.123824209,0.000270217
0.4,1,1,6.4,1.097419697,0.000271392
0.4,0.5,1,7.4,1.128334062,0.000272107
2,0.5,0.5,7.8,1.088538956,0.000272957
5,0.1,0.5,7.5,1.171456394,0.000272978
5,1,1,7.8,1.101103004,0.000273077
0.4,0.5,1,6.6,1.153762568,0.000274974
2,0.1,0,7.9,1.068110606,0.000275622
5,1,0.5,4,1.040215227,0.000275626
2,0.1,0.5,7.5,1.172336913,0.000277967
2,0.5,1,7.7,1.116314371,0.000278817
0.4,0.1,0,8,1.055817985,0.00027983
5,0.5,1,7.7,1.122877529,0.000280504
2,1,1,5.3,1.096994665,0.000280785
0.4,0.5,0,5.1,0.999510444,0.000282599
5,0.5,0.5,7.8,1.09901537,0.000283081
2,0.1,1,5.3,1.220764896,0.00028453
0.4,0.5,0.5,7.9,1.062556506,0.000285143
0.4,0.5,1,7.5,1.120954469,0.000285403
5,0.1,1,7.5,1.183116355,0.000286281
0.4,1,1,7.9,1.065922462,0.000287066
2,1,0,9.2,1.000408914,0.000289117
5,1,0,3.3,0.999351744,0.000289834
0.4,0.1,0.5,6.9,1.201667771,0.000291472
5,1,1,4.3,1.109476278,0.000292271
0.4,0.1,0.5,7,1.199026858,0.000292415
0.4,0.5,0.5,6.3,1.08639297,0.000294358
0.4,0.1,0.5,7.1,1.194415226,0.000295422
5,0.1,0,7.9,1.08188226,0.000295756
5,0.1,0.5,4.2,1.128055936,0.000295821
0.4,0.5,1,7.6,1.110507452,0.000296415
0.4,0.1,0.5,6.8,1.205047727,0.000297089
0.4,0.1,0,6,1.020756459,0.00029824
5,0.5,0,8.6,1.007492293,0.000299526
0.4,0.5,1,6.5,1.152604516,0.000300074
0.4,1,0.5,8.3,1.021736474,0.000300693
0.4,0.1,0.5,7.2,1.188814982,0.000301267
2,0.5,0.5,5.2,1.085702483,0.000302798
5,1,0.5,3.9,1.038487679,0.000303708
2,0.1,1,7.6,1.155956005,0.000304015
2,0.1,0,5.1,1.017786068,0.000304101
5,0.1,1,4.2,1.15977381,0.000304907
0.4,0.1,0.5,6.7,1.206115348,0.000305703
5,0.5,0.5,4.2,1.094275072,0.000307562
2,1,1,7.9,1.091395769,0.000308817
0.4,1,0.5,5.9,1.023231452,0.000309035
0.4,0.1,0.5,7.3,1.182044567,0.000309899
0.4,1,1,6.3,1.093654249,0.000310224
5,1,0.5,8,1.070627185,0.000311117
2,0.5,1,5.3,1.120444153,0.000311684
0.4,0.5,1,7.7,1.101558574,0.000311839
5,0.1,0,4.4,1.031587709,0.000312203
5,0.1,0.5,7.6,1.174730363,0.000312862
2,1,0.5,5,1.039290434,0.000315089
2,1,0.5,8.1,1.050503576,0.000315963
2,0.5,0.5,7.9,1.088985068,0.000316406
0.4,0.5,0.5,8,1.057916169,0.000316956
2,0.1,0.5,7.6,1.174307538,0.000318116
5,1,1,7.9,1.103387026,0.000318638
5,0.5,1,4.2,1.130992084,0.000322196
0.4,0.1,0.5,7.4,1.174473427,0.000322236
0.4,0.1,0.5,6.6,1.206145973,0.000322327
2,0.1,1,5.2,1.219706926,0.000322444
2,0.5,1,7.8,1.117083274,0.000323533
0.4,1,1,8,1.063319216,0.000323884
5,0.5,1,7.8,1.125904715,0.000325558
5,0.1,1,7.6,1.185512214,0.000327104
5,1,0,8.8,1.003973654,0.000330462
0.4,0.5,1,7.8,1.092074376,0.00033057
2,0.1,0,8,1.071070914,0.00033099
2,0.1,0.5,5.3,1.132670001,0.000331417
0.4,0.5,1,6.4,1.150279067,0.000332696
5,0.5,0.5,7.9,1.101863883,0.00033308
0.4,0.1,0,8.1,1.057344915,0.000333713
2,1,1,5.2,1.095689374,0.000335537
5,1,0.5,3.8,1.036841236,0.000337454
0.4,0.1,0.5,7.5,1.16664177,0.000338073
5,1,1,4.2,1.115456918,0.000341496
0.4,0.5,0.5,6.2,1.082111537,0.000345902
2,0.1,1,7.7,1.155730393,0.000346518
0.4,0.1,0.5,6.5,1.205646115,0.000347785
0.4,1,0.5,8.4,1.020384886,0.000349308
0.4,0.1,1,7.3,1.166045158,0.000351985
5,0.1,0,8,1.084647005,0.000353612
0.4,0.1,1,7.4,1.157738569,0.000354243
0.4,0.1,0.5,7.6,1.156917702,0.000354584
0.4,0.1,0,5.9,1.02016267,0.000356095
0.4,0.1,1,7.5,1.148553638,0.000356179
0.4,0.5,1,7.9,1.083785145,0.000356818
0.4,0.1,1,7.2,1.175933486,0.000357327
2,1,1,8,1.091527057,0.000359772
0.4,0.1,1,7.1,1.184230522,0.000360593
0.4,0.5,0.5,8.1,1.055105662,0.00036171
0.4,1,1,6.2,1.089586771,0.000362193
5,0.1,0.5,4.1,1.132288003,0.000363336
5,0.1,0.5,7.7,1.179857369,0.000364412
2,0.1,0.5,7.7,1.176050139,0.0003646
0.4,0.1,1,7.6,1.14105041,0.000366531
0.4,0.1,1,7,1.193180343,0.000366702
5,0.1,1,4.1,1.173273276,0.000367049
0.4,1,0.5,5.8,1.020955805,0.000368833
5,0.5,0.5,4.1,1.098053406,0.000370283
2,0.1,1,5.1,1.219196713,0.000370981
0.4,1,1,8.1,1.060167284,0.000371458
0.4,0.1,1,6.9,1.200235432,0.000371522
2,0.5,0.5,8,1.090670348,0.000373511
5,1,0.5,8.1,1.072629695,0.000374233
5,0.5,1,4.1,1.138016694,0.000374955
5,1,0.5,3.7,1.034412332,0.000375151
2,0.5,1,5.2,1.120043338,0.000375226
5,1,1,8,1.10573588,0.000375746
2,0.1,0,5,1.016785177,0.000375902
5,0.1,1,7.7,1.188531625,0.000376436
5,1,0,3.2,0.999347542,0.000376615
0.4,0.5,1,6.3,1.14732945,0.000376969
0.4,0.1,0.5,7.7,1.147523839,0.000377926
5,0.5,0,3.3,0.999874024,0.00037795
2,0.5,0.5,5.1,1.084936616,0.000378688
2,1,0,4.1,1,0.0003794
2,0.5,1,7.9,1.1185179,0.000380601
0.4,0.1,1,6.8,1.20738023,0.000380616
2,1,0.5,8.2,1.05151708,0.000380732
5,0.5,0,3.4,1.000179501,0.000380792
5,0.5,1,7.9,1.128352144,0.000381348
0.4,0.1,0.5,6.4,1.204725372,0.000385452
5,0.1,0,4.3,1.0306908,0.000386586
0.4,0.1,1,7.7,1.135419627,0.000387456
2,0.5,0,4,0.999611952,0.000388048
5,1,1,4.1,1.120523501,0.000388134
2,1,0.5,4.9,1.038081438,0.000389395
0.4,0.1,1,6.7,1.213146183,0.000390645
0.4,0.5,1,8,1.076727101,0.000391057
2,1,0,9.1,1.001305793,0.000393478
5,0.5,0.5,8,1.104193885,0.000395616
0.4,0.1,0,8.2,1.057956154,0.000399038
2,0.1,1,7.8,1.156940908,0.0003997
2,0.1,0,8.1,1.073398759,0.000401782
0.4,0.1,1,6.6,1.219567553,0.000403694
2,1,1,5.1,1.096263306,0.000405858
0.4,0.1,0.5,7.8,1.139032522,0.000408178
0.4,1,0.5,8.5,1.019022589,0.000412836
0.4,0.1,1,7.8,1.130131714,0.000413364
0.4,0.5,0.5,8.2,1.052484914,0.000413739
2,0.1,0.5,5.2,1.131572066,0.000414774
5,1,0.5,3.6,1.030376097,0.000414894
0.4,0.5,0.5,6.1,1.077038531,0.000415395
5,0.5,0,8.7,1.008675708,0.000416081
0.4,0.1,1,6.5,1.224749286,0.000417455
0.4,1,0.5,5.7,1.016689769,0.000421429
2,0.1,0.5,7.8,1.177766915,0.000421595
5,0.1,0,8.1,1.087292144,0.000423951
0.4,1,1,6.1,1.086063296,0.000425139
5,0.1,0.5,7.8,1.183057072,0.000425944
5,0.5,1,4,1.144376228,0.0004261
2,1,1,8.1,1.093344084,0.000428659
0.4,0.1,0,5.8,1.019402448,0.000428784
5,1,1,4,1.124109654,0.000429423
5,0.5,0.5,4,1.099983302,0.00043152
0.4,1,1,8.2,1.057350551,0.000431551
0.4,0.5,1,6.2,1.143866408,0.000432455
2,0.1,1,5,1.219114388,0.000432461
0.4,0.1,1,6.4,1.229053752,0.000434142
5,1,0,8.9,1.004356182,0.000434612
5,0.1,1,4,1.187979772,0.00043485
5,0.1,0.5,4,1.135381404,0.000436713
0.4,0.1,0.5,6.3,1.202747047,0.000437174
0.4,0.5,1,8.1,1.07082072,0.000437614
5,0.1,1,7.8,1.1918579,0.00043842
2,0.5,0.5,8.1,1.091736681,0.00044418
2,0.5,1,8,1.118184943,0.000444999
5,1,1,8.1,1.109183442,0.000448453
5,0.1,0,4.2,1.028508685,0.000452247
5,0.5,1,8,1.131220061,0.000452566
2,0.5,1,5.1,1.121018885,0.000452688
0.4,0.1,0.5,7.9,1.134126022,0.000452867
0.4,0.1,1,6.3,1.233699696,0.000453012
5,1,0.5,8.2,1.076229502,0.000456211
0.4,0.1,1,7.9,1.127348678,0.000459601
2,0.1,1,7.9,1.15822755,0.000464978
2,1,0.5,8.3,1.053458312,0.000466696
5,1,1,3.9,1.126979879,0.000468428
0.4,0.1,1,6.2,1.235081569,0.000469334
2,0.1,0,4.9,1.016152921,0.000469479
5,0.5,0.5,8.1,1.106047616,0.000471273
2,1,0.5,4.8,1.037297965,0.000472226
5,1,0.5,3.5,1.029123893,0.000474989
2,0.5,0.5,5,1.08510513,0.000475991
5,0.5,1,3.9,1.14972544,0.000476675
0.4,1,0.5,5.6,1.014145683,0.000480531
0.4,0.1,0,8.3,1.06047851,0.000488093
0.4,0.1,0,5.7,1.018094572,0.000490041
2,0.1,0,8.2,1.076403692,0.000490507
2,0.1,0.5,7.9,1.178849668,0.000490837
0.4,0.1,1,6.1,1.237538259,0.000492077
5,0.5,0.5,3.9,1.100758266,0.000494539
2,1,1,5,1.10088941,0.0004948
0.4,0.5,0.5,8.3,1.05215416,0.000495168
0.4,0.5,1,8.2,1.065696649,0.000495474
0.4,0.5,0.5,6,1.070575786,0.000498308
0.4,1,1,6,1.080443702,0.000498435
5,0.1,0.5,7.9,1.186096165,0.000500463
2,0.5,0,9.1,1.002068882,0.000501289
5,0.1,1,3.9,1.201673315,0.000502129
0.4,0.5,1,6.1,1.139390832,0.000503506
5,1,1,3.8,1.126930617,0.000504525
0.4,1,1,8.3,1.054325676,0.000506026
0.4,0.1,0.5,6.2,1.199018137,0.000507984
5,0.1,0,8.2,1.089167088,0.00051011
2,1,1,8.2,1.093248968,0.000510498
2,0.1,1,4.9,1.221068726,0.000511792
5,0.1,1,7.9,1.194836802,0.000513005
0.4,0.1,0.5,8,1.131658247,0.000515618
0.4,0.1,1,8,1.125573183,0.000516425
0.4,0.1,1,6,1.239305942,0.000516433
5,0.5,1,3.8,1.15169772,0.000517935
5,0.1,0.5,3.9,1.139627277,0.000522716
2,0.1,0.5,5.1,1.132385628,0.00052463
0.4,1,0.5,8.6,1.020273211,0.000533701
2,0.5,1,8.1,1.119515061,0.000533739
5,1,0.5,3.4,1.025581372,0.000535323
2,0.5,0.5,8.2,1.094268779,0.00053595
5,0.1,0,4.1,1.027103657,0.000535958
5,0.5,1,8.1,1.13471508,0.000538494
5,0.5,0,3.2,0.999116608,0.000540865
5,1,1,8.2,1.112720557,0.000542216
0.4,0.1,1,5.9,1.239256477,0.000542972
2,0.1,1,8,1.161238829,0.000549295
5,1,1,3.7,1.126066619,0.000551302
5,0.5,0,8.8,1.00900439,0.000551754
2,0.1,0,4.8,1.014746508,0.000552603
2,0.5,1,5,1.126052855,0.000554849
5,0.5,0.5,3.8,1.099788749,0.000556831
5,1,0.5,8.3,1.078307348,0.000559795
2,1,0.5,4.7,1.038777097,0.000561549
5,0.5,1,3.7,1.151300157,0.000563276
2,1,0.5,8.4,1.053001125,0.000566027
5,0.5,0.5,8.2,1.108709201,0.000569524
5,0.1,1,3.8,1.215107728,0.000570363
2,0.1,0.5,8,1.178416171,0.000575288
0.4,0.1,1,5.8,1.239653231,0.000575424
0.4,0.1,0,5.6,1.016620232,0.000582997
0.4,0.5,1,8.3,1.062484774,0.000584007
0.4,0.5,0,4.9,0.999172185,0.000585232
0.4,0.5,0.5,8.4,1.050502809,0.000585887
5,1,0,3.1,0.998980632,0.000588332
0.4,0.1,1,8.1,1.123967496,0.000588611
2,1,1,4.9,1.107724798,0.000590811
0.4,1,1,5.9,1.076210928,0.000591071
5,0.1,0,4,1.024526184,0.000592853
0.4,0.1,0.5,8.1,1.129867104,0.000594974
0.4,0.1,0,8.4,1.062177725,0.000595867
0.4,0.5,1,6,1.135780494,0.000596002
5,0.1,0.5,8,1.190428456,0.000596229
0.4,0.1,0.5,6.1,1.19385405,0.000597914
0.4,0.5,0.5,5.9,1.063864868,0.000598463
2,0.5,0.5,4.9,1.087628586,0.00060136
0.4,1,0.5,5.5,1.013163442,0.000603836
5,0.1,1,8,1.19638675,0.000605739
0.4,1,1,8.4,1.053404327,0.00060588
2,1,1,8.3,1.093163994,0.000608559
5,0.1,0.5,3.8,1.140693141,0.00060976
5,0.5,0.5,3.7,1.098161373,0.000611076
2,0.1,0,8.3,1.079410898,0.000612014
5,1,0,3,0.999386503,0.000613497
5,1,1,3.6,1.123749062,0.000614584
0.4,0.1,1,5.7,1.239521282,0.000614748
2,0.1,1,4.8,1.226428753,0.000619381
5,0.1,0,8.3,1.092163188,0.000626261
5,0.1,1,3.7,1.223353961,0.0006293
5,0.5,1,3.6,1.151401786,0.000629348
2,1,0.5,4.6,1.040090943,0.000636427
5,0.5,1,8.2,1.134503226,0.000637812
2,0.5,1,8.2,1.120087131,0.000639382
5,1,1,8.3,1.114193965,0.000644395
5,1,0,9,1.005909755,0.000646648
2,0.1,1,8.1,1.163360367,0.000649141
2,0.5,0.5,8.3,1.095024382,0.000650252
0.4,0.5,0,4.8,0.99934811,0.00065189
5,1,0.5,3.3,1.024588074,0.000656464
2,1,0,9.4,1.000658328,0.000658328
0.4,0.1,1,5.6,1.240126407,0.000662969
2,1,0.5,4.5,1.039370322,0.000671491
2,0.1,0,4.7,1.01340491,0.000674254
2,0.1,0.5,5,1.136137922,0.000675014
5,1,1,3.5,1.120715767,0.000680496
2,0.1,0.5,8.1,1.180768558,0.00068142
5,0.5,0.5,3.6,1.093600249,0.000681681
0.4,0.5,1,8.4,1.057766337,0.000682091
2,0.5,1,4.9,1.136433743,0.000685897
0.4,0.1,1,8.2,1.125119305,0.000688727
5,0.5,0.5,8.3,1.111300813,0.000689008
0.4,1,0.5,5.4,1.010787721,0.000689519
5,1,0.5,8.4,1.079399599,0.000690744
0.4,0.5,1,5.9,1.13042698,0.000692245
0.4,0.1,0.5,8.2,1.128338804,0.000692848
2,1,1,4.8,1.116200214,0.000693712
0.4,1,1,5.8,1.073443508,0.000693966
5,0.1,1,3.6,1.229393252,0.000695041
5,0.1,0,3.9,1.024470778,0.000696437
2,0.5,0,9.2,1.002518404,0.000697667
0.4,1,0.5,8.7,1.021269778,0.000701678
5,0.1,0.5,8.1,1.192189962,0.000706444
2,1,0.5,8.5,1.054711026,0.00070888
5,0.5,1,3.5,1.147708187,0.000710421
2,1,0.5,4.3,1.035966374,0.000712243
2,1,0.5,4.4,1.039568924,0.000714531
0.4,0.1,0,5.5,1.016172017,0.000714988
0.4,0.1,1,5.5,1.238589831,0.000716251
0.4,0.5,0.5,8.5,1.050877351,0.00071912
5,0.1,0.5,3.7,1.141280002,0.000719364
5,0.1,1,8.1,1.201340147,0.000722023
0.4,0.1,0.5,6,1.188966109,0.000728796
2,0.5,0.5,4.8,1.089766579,0.00073167
0.4,0.5,0.5,5.8,1.058336013,0.000736473
0.4,1,1,8.5,1.052599857,0.00073829
0.4,0.1,0,8.5,1.065401646,0.000741378
2,1,1,8.4,1.094970894,0.000748068
2,1,0.5,4.1,1.029678685,0.000751061
2,1,0.5,4.2,1.033096602,0.000751226
5,0.1,0,3.8,1.021206536,0.000755285
2,0.1,0,8.4,1.081611583,0.000757734
5,1,1,3.4,1.116800186,0.000759769
2,0.1,1,4.7,1.237926157,0.000762265
5,0.1,0,8.4,1.093903477,0.000762741
5,0.1,1,3.5,1.233510079,0.000768542
2,0.5,1,8.3,1.121576318,0.00077144
2,1,1,4.7,1.127455633,0.00077331
5,0.5,0.5,3.5,1.089594946,0.000775805
2,0.1,1,8.2,1.167943896,0.000775886
0.4,1,0.5,5.3,1.009718173,0.000776189
5,0.5,1,8.3,1.138264056,0.000779312
5,1,0.5,3.2,1.02159272,0.000784711
5,1,1,8.4,1.116734679,0.000787829
0.4,0.1,1,5.4,1.237548869,0.000787947
2,0.5,0.5,8.4,1.096465694,0.000795612
0.4,1,1,5.7,1.069559879,0.000799225
5,0.5,0,8.9,1.011232815,0.000799666
0.4,0.1,1,8.3,1.12277467,0.000803678
0.4,0.5,1,5.8,1.125252041,0.000810717
0.4,0.5,1,8.5,1.054449824,0.000814111
2,0.1,0.5,8.2,1.181962762,0.000814396
5,0.5,1,3.4,1.146953919,0.000815154
2,1,0.5,4,1.026721222,0.000815173
2,0.5,0,3.8,0.999184339,0.000815661
0.4,0.1,0.5,8.3,1.126225853,0.000818007
2,1,1,4.6,1.138065161,0.000820423
5,1,0,9.1,1.005423647,0.000824183
2,0.5,1,4.8,1.154294568,0.000825261
2,1,1,4.3,1.142762613,0.000836353
2,1,1,4.4,1.145295642,0.000837686
2,1,1,4.5,1.144844716,0.000845663
5,0.1,0.5,3.6,1.140599472,0.000846554
0.4,0.1,0,5.4,1.014780367,0.000846862
5,0.1,0,3.7,1.017181873,0.000847333
5,0.5,0.5,8.4,1.113325167,0.000849191
5,0.1,1,3.4,1.2340647,0.000850025
5,1,1,3.3,1.112106474,0.000852625
0.4,1,0,4.8,0.998790079,0.000855285
2,1,1,4.2,1.142516279,0.000860161
5,0.1,0.5,8.2,1.198766462,0.00086139
2,0.1,0,4.6,1.014622374,0.000868061
2,0.1,0.5,4.9,1.148287624,0.000872718
5,1,0.5,8.5,1.08286932,0.000874207
0.4,0.1,1,5.3,1.236881676,0.0008778
0.4,1,0.5,8.8,1.020006012,0.000877981
2,1,0.5,8.6,1.055266669,0.000879029
5,0.1,1,8.2,1.208559978,0.000885916
0.4,0.5,0.5,5.7,1.051698769,0.000887599
2,1,0.5,3.9,1.022474483,0.00089566
2,1,1,4.1,1.137838528,0.000895692
5,0.5,0.5,3.4,1.085389744,0.000897014
0.4,0.1,0.5,5.9,1.180104622,0.000897259
2,0.5,0.5,4.7,1.097182351,0.000897735
0.4,0.1,0,8.6,1.066092186,0.000906812
0.4,0.5,0.5,8.6,1.053053601,0.000907898
2,1,1,8.5,1.095085977,0.000912387
0.4,1,1,8.6,1.053107458,0.000912545
0.4,1,1,5.6,1.068689353,0.000928046
2,0.1,1,4.6,1.25767516,0.000928983
2,0.5,1,4.7,1.172535583,0.000931225
5,0.5,1,3.3,1.142092178,0.000935613
2,0.1,1,8.3,1.16980023,0.000937947
2,0.5,1,8.4,1.123328406,0.000941679
2,0.5,1,4.2,1.203785576,0.00094201
5,0.5,1,8.4,1.139100636,0.000944252
2,0.1,0,8.5,1.08492547,0.000945066
2,0.5,1,4.3,1.20410906,0.000947737
5,0.1,0,8.5,1.097962941,0.000948884
0.4,0.5,1,5.7,1.121942087,0.000952948
2,0.5,1,4.1,1.20161908,0.000958229
5,1,1,8.5,1.118304403,0.000958607
5,0.1,1,3.3,1.233789032,0.000959855
0.4,0.1,0.5,8.4,1.123457602,0.000961178
2,1,1,4,1.13369596,0.000961617
5,1,0.5,3.1,1.019513219,0.000966035
0.4,0.5,1,8.6,1.049032477,0.000966764
0.4,0.1,1,8.4,1.123645737,0.000969465
2,0.1,0,4.5,1.0128498,0.000972815
2,0.1,0.5,8.3,1.184657569,0.000976824
2,0.5,1,4.4,1.205332621,0.000978959
2,0.5,1,4.6,1.18818407,0.00098229
2,0.5,1,4.5,1.199831255,0.000991397
0.4,0.1,1,5.2,1.240223847,0.00099263
2,1,0.5,3.8,1.020376743,0.000995015
2,0.5,0.5,8.5,1.100894603,0.00099581
2,0.5,1,4,1.198469109,0.001004811
5,0.1,0.5,3.5,1.140576024,0.001007121
5,0.5,0,3.1,0.998564765,0.001014682
2,0.5,0.5,4.6,1.101318908,0.001015483
5,1,1,3.2,1.109695886,0.001015602
5,0.1,0.5,8.3,1.200349774,0.001037272
5,0.1,1,8.3,1.205395591,0.001044149
0.4,0.1,0,5.3,1.014776905,0.001044539
5,0.5,0.5,8.5,1.115021948,0.001048408
2,1,1,3.9,1.129051338,0.001061572
5,0.1,0,3.6,1.018951393,0.001068061
5,0.5,0.5,3.3,1.08173913,0.001070984
0.4,0.5,0.5,8.7,1.049915091,0.001078267
0.4,1,0.5,8.9,1.018444666,0.001080986
0.4,0.5,0.5,5.6,1.049857579,0.001086831
0.4,0.5,1,5.6,1.11709678,0.001088245
2,0.5,1,3.9,1.194696486,0.001089929
5,0.5,0,9,1.01211655,0.001090023
5,1,0.5,8.6,1.083370429,0.001090734
0.4,1,0.5,5.1,1.013083481,0.001090767
0.4,1,1,5.5,1.069170437,0.001093994
5,0.1,1,3.2,1.233202537,0.001102279
2,0.5,0.5,4.5,1.104249137,0.001104036
2,0.1,1,4.5,1.286554562,0.001107075
2,0.5,0,9.3,1.003686327,0.001109605
2,0.1,0.5,4.8,1.168909491,0.001114481
5,0.5,0,3,1.000643915,0.001115533
2,1,0.5,3.7,1.016244988,0.001125742
0.4,1,0.5,5.2,1.014562367,0.001126318
2,0.5,0.5,4.4,1.101740505,0.001134135
5,0.5,1,3.2,1.139312707,0.001134992
0.4,0.1,0.5,5.8,1.172184756,0.001136301
2,1,1,8.6,1.098996604,0.001149653
2,0.5,0,9.4,1.001993355,0.001150099
0.4,0.1,1,5.1,1.244601192,0.001150494
2,1,0.5,8.7,1.056204231,0.001156759
0.4,0.1,1,8.5,1.122998805,0.001156974
2,0.1,1,8.4,1.17073718,0.001160953
0.4,1,1,8.7,1.054467684,0.001161596
5,1,0,9.2,1.006186478,0.001165641
0.4,0.1,0,8.7,1.070186291,0.001167651
5,0.5,1,8.5,1.142253275,0.001172341
0.4,0.1,0.5,8.5,1.124725465,0.001172426
5,0.1,0,8.6,1.097893808,0.001173402
2,0.1,1,3.7,1.355956016,0.001174535
2,0.5,1,8.5,1.126869396,0.001175923
2,0.1,1,3.8,1.35772675,0.001176106
2,0.1,0.5,8.4,1.187189153,0.001178415
2,0.1,0,4.4,1.012330728,0.001178753
0.4,0.5,1,8.7,1.046451298,0.001179472
2,0.1,1,3.6,1.349562996,0.001183257
5,1,1,8.6,1.120768926,0.001190142
2,0.1,0,8.6,1.087812636,0.001194156
2,0.1,1,3.9,1.362825714,0.001201643
2,1,1,3.8,1.121164299,0.001205597
2,0.5,1,3.8,1.190907827,0.001210118
5,0.1,0.5,3.4,1.141811381,0.00121383
5,1,1,3.1,1.105692041,0.001214716
2,0.1,1,3.5,1.343084982,0.001218619
0.4,0.1,0,5.2,1.012659634,0.001219372
0.4,0.5,1,5.5,1.117407613,0.001221054
5,1,0.5,3,1.016857934,0.001224651
5,1,0,9.3,1.004262877,0.001228179
2,0.5,0.5,4.3,1.099986586,0.001239078
2,1,0.5,3.6,1.012208657,0.001239247
2,0.1,1,4.4,1.319381898,0.001239775
2,0.1,1,4,1.366041729,0.001244842
2,0.5,0.5,8.6,1.103615724,0.001261064
5,0.1,0,3.5,1.017723415,0.001265328
2,0.1,1,4.1,1.361648224,0.001268559
2,0.1,1,3.4,1.337575911,0.001275756
5,0.1,0.5,8.4,1.205551934,0.001286073
5,0.1,1,8.4,1.213288633,0.00129219
2,0.5,0.5,4.2,1.094946759,0.001293144
2,0.1,0.5,4.7,1.185580214,0.001295367
0.4,1,1,5.4,1.07388618,0.001298114
2,0.1,1,4.3,1.345883446,0.001316427
0.4,0.5,0.5,5.5,1.048754789,0.001317454
2,0.1,1,4.2,1.36014615,0.001318073
5,0.1,1,3.1,1.234314083,0.001319956
0.4,0.5,0.5,8.8,1.047322062,0.00132031
5,0.5,0.5,8.6,1.117754251,0.00132257
2,1,0,3.7,0.998670213,0.001329787
0.4,1,0.5,9,1.017125556,0.001331097
5,0.5,0.5,3.2,1.076467387,0.001351056
0.4,0.5,1,5.4,1.118756109,0.001358471
2,0.1,1,3.3,1.330597,0.001362407
0.4,0.1,1,5,1.26231682,0.001398337
5,0.5,1,3.1,1.137936858,0.001398822
5,1,0.5,8.7,1.085423702,0.001399933
2,1,0.5,3.5,1.010349288,0.001400541
2,0.5,1,3.7,1.18744351,0.0014072
2,0.1,0.5,4.6,1.199934586,0.001411549
0.4,0.1,1,8.6,1.123932062,0.001415969
2,0.5,0.5,4.1,1.090558118,0.001426023
2,1,1,3.7,1.117661055,0.00142711
0.4,0.1,0,8.8,1.071693548,0.001441089
2,0.5,0,9.5,1.001447178,0.001447178
2,0.1,1,8.5,1.179276345,0.001448154
5,0.5,1,8.6,1.144818798,0.001457882
2,0.5,1,8.6,1.129278061,0.001459891
2,1,0.5,8.8,1.057448274,0.001461062
2,0.1,0.5,8.5,1.189663052,0.001466328
0.4,0.1,0.5,5.7,1.161654976,0.001468765
5,1,1,3,1.104359456,0.001473399
5,1,1,8.7,1.123085641,0.001474443
0.4,1,0.5,5,1.019844868,0.001477456
0.4,1,1,8.8,1.053487566,0.001477796
2,0.1,0.5,4.5,1.204447279,0.00148271
5,1,0.5,2.9,1.012998523,0.001483524
2,1,1,8.7,1.102412898,0.001489441
0.4,0.5,1,8.8,1.043068206,0.001489535
0.4,0.1,0.5,8.6,1.128086166,0.00149097
2,0.1,1,3.2,1.321030655,0.001495408
2,0.1,0,4.3,1.011997406,0.001495845
5,0.1,0.5,3.3,1.137654391,0.001498094
5,0.1,0,8.7,1.102651109,0.00150839
5,0.1,0,3.4,1.014183401,0.001522766
0.4,0.1,0,5.1,1.011661285,0.00152499
2,0.1,0,8.7,1.090118779,0.001529498
0.4,0.5,1,5.3,1.126017323,0.001531001
5,0.5,0,9.1,1.013046544,0.001547551
2,0.1,0.5,4.4,1.204222406,0.001549229
2,0.5,0.5,8.7,1.102073237,0.001552434
0.4,1,1,5.3,1.084287021,0.001575479
5,0.1,1,3,1.231115258,0.00158871
5,0.1,0.5,8.5,1.2091242,0.001598671
0.4,1,0.5,4.8,1.022401723,0.001609627
5,0.1,1,8.5,1.218537216,0.001617722
0.4,0.5,0.5,8.9,1.046539153,0.001636835
0.4,1,0.5,4.9,1.021156559,0.001637999
2,1,0.5,3.4,1.007352941,0.001638413
2,0.5,0.5,4,1.086367074,0.001640058
5,0.5,0.5,8.7,1.115011668,0.001642702
5,0.5,0.5,3.1,1.06998269,0.001654886
2,0.1,0.5,4.3,1.204477644,0.001659379
2,1,1,3.6,1.110185287,0.001663227
0.4,0.5,1,4.2,1.227543661,0.001681364
0.4,1,1,4.4,1.158978952,0.001688804
0.4,0.5,1,4.1,1.223716107,0.001692603
0.4,0.1,1,4.9,1.285057409,0.001702016
2,0.1,1,3.1,1.314818845,0.001704645
0.4,1,1,4.3,1.155519081,0.001704762
0.4,1,1,4.5,1.16335088,0.001705207
0.4,0.5,1,4,1.218244541,0.001713114
2,0.1,0,4.2,1.01253191,0.001726346
2,0.5,1,3.6,1.182277159,0.001726685
0.4,0.5,1,4.3,1.232006102,0.001730793
2,0.5,0,3.7,0.997542998,0.001736294
0.4,0.1,1,8.7,1.122474163,0.001737256
5,1,0.5,8.8,1.086147549,0.001748401
5,0.5,1,3,1.135057751,0.001751217
2,0.5,0.5,3.9,1.07733851,0.001754874
2,0.5,1,8.7,1.121397309,0.001761353
0.4,0.5,0.5,5.4,1.057554626,0.001765895
5,0.5,0,2.9,1.001026694,0.001778895
0.4,0.1,0,8.9,1.069973869,0.001782616
5,0.5,1,8.7,1.146804742,0.001784418
0.4,1,1,4.2,1.150264094,0.001789841
0.4,1,0.5,4.7,1.023296593,0.001805054
0.4,0.5,1,5.2,1.139853301,0.001805747
0.4,1,1,5.2,1.095282938,0.001806369
2,0.1,0.5,8.6,1.190581467,0.001809053
2,0.1,1,8.6,1.18620183,0.001816534
0.4,0.5,1,4.4,1.236099039,0.001818396
0.4,1,1,4.6,1.164289434,0.001833044
5,0.1,0,3.2,1.009321761,0.001839249
0.4,1,0.5,4.5,1.013336201,0.001840192
0.4,1,0.5,4.4,1.012182478,0.001840888
5,1,1,8.8,1.126141383,0.001842886
0.4,0.5,1,3.9,1.213801481,0.001857528
0.4,1,1,8.9,1.052926654,0.001890269
2,0.1,0.5,4.2,1.201578866,0.001891573
0.4,0.1,0.5,5.6,1.153662182,0.001899267
2,1,0.5,8.9,1.059343502,0.001908481
5,0.1,0.5,3.2,1.135758137,0.001911041
0.4,0.1,0.5,8.7,1.130970141,0.001916684
2,1,1,8.8,1.108873558,0.0019225
5,1,1,2.9,1.102760496,0.001932062
0.4,1,1,4.7,1.162440662,0.001944749
0.4,0.5,1,4.5,1.2393466,0.001949277
5,0.1,0.5,8.6,1.207812868,0.001961513
5,0.1,0,3.3,1.014380278,0.001965024
0.4,1,0.5,9.1,1.019754507,0.00196514
2,0.1,0,8.8,1.092247264,0.001973419
0.4,0.5,1,8.9,1.050403003,0.001979002
2,0.1,1,3,1.307364247,0.001991003
5,0.1,1,2.9,1.230162395,0.00199186
5,0.1,0,8.8,1.104371342,0.001993924
0.4,1,1,4.1,1.14290718,0.002006486
2,0.5,0.5,8.8,1.108254269,0.00201576
5,0.1,1,8.6,1.226433325,0.002023963
0.4,0.1,0,5,1.014285714,0.002026482
2,1,1,3.5,1.105372454,0.002033129
2,0.5,0.5,3.8,1.071406743,0.002038536
0.4,0.1,1,3.7,1.423866561,0.002047396
0.4,1,1,5.1,1.115571175,0.002049141
0.4,0.5,1,5.1,1.159136354,0.002051481
0.4,1,0.5,4,1.002906977,0.002054046
5,1,0.5,2.8,1.014058355,0.002059266
0.4,1,0.5,4.6,1.019320953,0.002063681
0.4,0.1,1,3.6,1.404850801,0.002065982
0.4,0.1,1,3.8,1.442582045,0.002089867
0.4,0.1,1,4.8,1.323990136,0.002093382
0.4,0.5,1,4.6,1.235652713,0.002100525
2,0.1,0.5,4.1,1.185872383,0.002102894
0.4,1,1,4.8,1.161274255,0.00210655
0.4,0.1,1,8.8,1.119786368,0.002109238
0.4,0.5,1,3.8,1.209063498,0.002117376
0.4,0.1,1,3.9,1.455115317,0.00214916
2,0.1,0,4.1,1.011137361,0.002151683
5,0.5,0.5,3,1.06742815,0.002155516
0.4,0.1,1,3.5,1.394405119,0.002156005
0.4,1,1,4.9,1.14768735,0.002178166
0.4,0.5,1,4.7,1.222831378,0.002190128
2,0.5,1,3.5,1.172993785,0.002190249
5,0.5,0.5,8.8,1.120458056,0.002193658
0.4,1,1,5,1.131919015,0.002219403
5,0.5,1,2.9,1.131105398,0.002233983
0.4,0.1,1,3.4,1.377089658,0.002254194
0.4,0.1,0,4.9,1.009933775,0.002258828
0.4,0.5,1,5,1.181372764,0.002261013
0.4,0.1,1,4,1.471383765,0.002269972
5,0.5,1,8.8,1.14962164,0.002271596
5,1,0.5,8.9,1.088634775,0.002271787
0.4,0.5,1,4.8,1.213674721,0.002285192
0.4,0.5,1,4.9,1.198499275,0.002294166
2,0.5,1,8.8,1.120867697,0.002300297
2,0.1,1,8.7,1.187069456,0.002310116
2,0.1,0.5,8.7,1.197845853,0.002314794
5,1,1,8.9,1.129609853,0.002318816
0.4,0.5,0.5,5.3,1.073743571,0.002337103
2,1,0.5,3.3,1.007784855,0.002338896
0.4,0.1,0,9,1.075123403,0.002371083
0.4,1,1,4,1.136267754,0.002376138
0.4,0.1,0.5,8.8,1.131713919,0.002395952
0.4,0.5,0.5,9,1.054743622,0.002397042
5,1,1,2.8,1.09526302,0.002397902
0.4,0.1,1,4.1,1.483358302,0.002398244
2,0.1,1,2.9,1.298758155,0.002398615
0.4,0.1,1,4.7,1.370940866,0.002424225
2,1,1,8.9,1.106650224,0.002424673
0.4,0.1,1,3.3,1.359971194,0.002425568
0.4,1,0.5,4.3,1.015680684,0.002451695
5,0.1,0.5,3.1,1.130204945,0.00246518
2,0.5,0.5,8.9,1.106344022,0.002484436
0.4,0.5,1,3.7,1.196485871,0.002495688
2,0.5,0.5,3.7,1.069615664,0.002514532
5,0.5,0,9.2,1.01740675,0.002516063
5,0.1,0.5,8.7,1.214460266,0.002532693
5,0.1,1,8.7,1.22806568,0.002550644
2,0.1,0,8.9,1.092217217,0.002550663
0.4,0.1,1,4.2,1.491642352,0.002553113
0.4,1,1,9,1.051733781,0.002563569
0.4,0.1,0.5,5.5,1.155363424,0.002564177
2,0.1,0,3.7,1.003629764,0.002564296
0.4,1,0.5,4.1,1.009332376,0.002577155
2,1,1,3.4,1.096555354,0.002587632
2,1,0.5,9,1.063318142,0.002608563
5,1,0,9.4,1.009810792,0.002610065
5,0.1,0,8.9,1.106007887,0.002623315
2,0.1,0.5,4,1.177591391,0.002634947
0.4,0.1,1,3.2,1.34576018,0.0026556
5,0.1,1,2.8,1.238214803,0.002671756
0.4,1,1,9.1,1.0352226,0.002700348
0.4,0.1,1,4.6,1.418767477,0.002702112
0.4,0.1,1,4.3,1.491624097,0.002705984
0.4,0.1,1,8.9,1.12984763,0.002741866
5,0.5,0.5,8.9,1.114569609,0.002756908
5,1,0.5,9,1.083136744,0.002769542
2,0.5,1,3.4,1.16443887,0.002775477
0.4,0.5,1,9,1.057320442,0.002779599
0.4,0.1,1,4.4,1.478312942,0.002798606
5,0.5,0.5,2.9,1.057165678,0.002800596
5,0.5,1,2.8,1.133135792,0.002811801
0.4,1,0.5,4.2,1.015625,0.002860635
0.4,0.1,1,4.5,1.461509835,0.002861003
2,0.5,0.5,3.6,1.06148981,0.002861237
5,0.5,1,8.9,1.152249291,0.002893361
5,1,1,9,1.129495614,0.002904297
0.4,1,1,3.9,1.130011362,0.002907915
0.4,0.5,0.5,5.2,1.093178647,0.002921311
5,1,1,2.7,1.092063749,0.002929568
2,0.1,0,4,1.011437096,0.002931513
0.4,1,0.5,9.2,1.025090789,0.002955085
0.4,0.1,1,3.1,1.336126739,0.003015614
5,0.5,0,9.3,1.018022657,0.003019586
0.4,0.1,0.5,8.9,1.132524758,0.003033301
2,0.1,0.5,8.8,1.206304415,0.003038564
2,0.1,0,3.9,1.012620638,0.003042707
2,0.5,1,8.9,1.122545169,0.003054763
2,0.1,1,2.8,1.297030882,0.003066046
2,0.1,1,8.8,1.200064329,0.00307856
2,1,0.5,3.2,1.008278146,0.003089507
2,1,0.5,9.1,1.047284095,0.003129928
2,1,1,3.3,1.089496759,0.003165503
0.4,0.5,0.5,9.1,1.048190816,0.003166119
0.4,0.5,0.5,5.1,1.101232692,0.003167838
0.4,0.1,0,4.8,1.012048193,0.003178803
2,1,1,9,1.106761006,0.00319065
5,0.1,0.5,8.8,1.213512277,0.003205996
5,0.1,0,3,1.010700389,0.003210543
5,0.1,0.5,3,1.126295155,0.003222145
5,0.1,1,8.8,1.228869149,0.003225643
2,0.5,0.5,9,1.105290278,0.003248802
2,0.1,0.5,3.9,1.167198178,0.003251904
0.4,0.5,0.5,5,1.107540814,0.003260973
0.4,0.5,1,3.6,1.195881826,0.003270152
5,0.1,0,3.1,1.016958734,0.003272356
0.4,0.1,0,9.1,1.079638451,0.003291491
0.4,0.1,0.5,5.4,1.170578643,0.003309434
5,1,0.5,9.1,1.07602416,0.003314097
0.4,0.5,0.5,4.9,1.106652303,0.003317316
2,0.5,0.5,3.5,1.052399232,0.003339693
0.4,0.1,1,9,1.131959315,0.003353808
5,0.5,0.5,2.8,1.055368129,0.003377242
5,1,0.5,2.6,1.012797075,0.003399762
0.4,0.5,1,9.1,1.053059896,0.003447969
0.4,0.5,0.5,4.8,1.107135513,0.003502558
5,1,0.5,2.7,1.024442539,0.003526628
2,0.1,0,9,1.098605802,0.003535254
5,0.5,0.5,9,1.116197183,0.003572523
5,0.1,0,9,1.113140538,0.003577457
0.4,1,1,3.8,1.11627907,0.003614622
5,1,1,2.6,1.086293777,0.003638064
2,0.5,0,9.6,1.005154639,0.003640168
0.4,0.5,0.5,4.7,1.104198725,0.003644351
0.4,0.1,0.5,4.7,1.279713866,0.003656353
2,0.5,1,3.3,1.163989067,0.003657799
5,1,1,9.1,1.135801444,0.003667414
5,0.1,1,2.7,1.250643513,0.003668361
0.4,0.1,0.5,4.6,1.276975456,0.003672082
5,0.5,1,9,1.153104685,0.003681488
0.4,0.1,1,3,1.332827413,0.003704682
0.4,0.1,0.5,4.5,1.270984167,0.003726727
2,0.1,0,3.8,1.012542759,0.003760137
0.4,0.5,0.5,9.2,1.04381803,0.003848827
0.4,1,1,9.2,1.035669192,0.003853292
2,0.1,0.5,8.9,1.212525124,0.003880491
5,0.5,1,2.7,1.13506804,0.003949118
2,1,1,9.1,1.105987261,0.003979629
0.4,0.1,0.5,9,1.135785007,0.004003536
0.4,0.1,0.5,4.8,1.287491391,0.004018856
0.4,0.1,0,4.7,1.013447433,0.004029663
0.4,0.5,0.5,4.5,1.084119887,0.00403363
2,0.5,0.5,3.4,1.050707547,0.004035078
2,1,0.5,3.1,1.00811359,0.004044408
0.4,1,1,9.5,1.005780347,0.004081394
5,0.1,0.5,8.9,1.219510684,0.004121752
0.4,0.1,0.5,4.4,1.259624531,0.004156078
2,0.1,1,8.9,1.208263747,0.004156714
0.4,0.5,1,9.2,1.051861702,0.004162486
2,1,1,3.2,1.094931978,0.004166803
2,0.1,1,2.7,1.297043886,0.004187222
2,0.1,0.5,3.8,1.15551749,0.004210279
0.4,0.5,0.5,4.6,1.101941748,0.004213583
2,0.5,1,9,1.13216387,0.004226671
5,0.5,0.5,2.7,1.04296875,0.004231016
0.4,0.1,0.5,5.3,1.19482056,0.004231649
0.4,0.1,1,9.1,1.130825496,0.004298703
5,0.1,1,8.9,1.24336309,0.004345247
0.4,0.5,1,3.5,1.193675889,0.004358891
0.4,0.1,0.5,4.9,1.286673107,0.004397604
5,0.1,0,2.9,1.009940358,0.004427717
0.4,1,0.5,9.3,1.033260632,0.004463369
5,0.1,0.5,2.9,1.131094815,0.004485403
0.4,0.1,0,4.6,1.010162602,0.004526303
2,0.5,0.5,9.1,1.104240581,0.004560977
0.4,1,1,3.7,1.109362055,0.004573884
5,1,0.5,2.4,1.009237875,0.004602872
0.4,0.1,1,2.9,1.327411861,0.004619438
5,0.5,0,9.4,1.017478152,0.004633123
5,0.5,1,2.6,1.136082203,0.00466236
0.4,0.1,0,9.2,1.083000235,0.00468958
2,0.1,0.5,9,1.204374181,0.00469512
0.4,0.1,0.5,5.2,1.229301151,0.004704214
0.4,0.5,0.5,4.4,1.093603106,0.004710527
5,1,1,9.2,1.130235883,0.00471226
0.4,0.1,0.5,5,1.28614567,0.004847566
5,0.5,1,9.1,1.159255307,0.004925534
2,0.5,1,3.2,1.171384761,0.00493174
5,0.5,0.5,9.1,1.125971503,0.004938192
0.4,0.1,0.5,4.3,1.253988756,0.004941519
2,0.1,0,9.1,1.109090909,0.004953205
5,1,0.5,9.2,1.082799282,0.004973033
5,0.1,0,9.1,1.107744783,0.004992986
0.4,0.1,0.5,5.1,1.266596269,0.00509291
5,1,0,9.6,1.007246377,0.005114637
0.4,1,0.5,3.9,1.010309278,0.005134621
5,0.1,1,2.6,1.262284147,0.005189537
2,0.1,0.5,3.7,1.149609778,0.005206581
2,0.5,0,9.7,1.007407407,0.005228083
5,1,0.5,2.5,1.019145803,0.005262889
2,1,0.5,3,1.007462687,0.005267025
5,0.1,0.5,9,1.212609671,0.005294431
2,0.5,1,9.1,1.127563025,0.005336893
2,0.1,0,3.6,1.010810811,0.005383387
2,0.1,1,9,1.209592027,0.00543999
2,0.5,0.5,3.3,1.049799657,0.005452015
0.4,0.1,0.5,9.1,1.151425914,0.005469327
5,1,1,2.5,1.095186587,0.005545898
5,0.5,1,9.2,1.148752579,0.005624985
2,1,1,3.1,1.113873695,0.005636745
0.4,0.1,0.5,4.2,1.242728185,0.005771149
2,1,0.5,9.2,1.05764411,0.005811907
0.4,0.1,1,9.2,1.150284042,0.005883295
2,0.5,0.5,9.2,1.101541251,0.005906545
5,0.1,1,9,1.253942882,0.005923851
5,0.5,1,2.5,1.144945189,0.005934827
5,1,1,9.3,1.138084112,0.005963872
2,1,1,9.2,1.12091002,0.006005529
2,0.1,0.5,9.1,1.224893918,0.006077492
0.4,1,1,3.6,1.099587912,0.006077686
0.4,0.1,1,2.8,1.336729932,0.006085017
0.4,0.1,0,9.3,1.0855573,0.006098291
0.4,1,0.5,3.7,1.00617284,0.00617284
2,0.1,1,2.6,1.321633536,0.006191684
5,0.5,0.5,9.2,1.131670689,0.006246051
0.4,1,1,9.3,1.05,0.006255536
2,0.5,1,3.1,1.17425346,0.00626126
0.4,0.5,1,9.3,1.063296903,0.006281651
2,1,0.5,9.3,1.029299363,0.006287001
2,0.1,0,9.2,1.102420203,0.006315591
0.4,0.5,1,3.4,1.195187616,0.006335851
2,1,0,9.8,1.006451613,0.006451613
2,1,0.5,9.4,1.011320755,0.006511236
0.4,0.5,0.5,4.3,1.087494665,0.006517149
0.4,0.5,0.5,9.3,1.060430899,0.006608048
0.4,0.5,1,9.5,1.017766497,0.006663647
2,0.1,0,3.5,1.009478673,0.006686457
5,1,1,2.4,1.082768635,0.006688319
5,1,0.5,9.3,1.062283737,0.006709379
0.4,0.1,0,4.3,1.006849315,0.006849315
2,0.1,1,9.1,1.209652576,0.006986532
5,0.5,0.5,2.6,1.061294766,0.007010469
5,0.1,0.5,2.8,1.14749348,0.007122128
2,0.5,1,9.2,1.14527845,0.00713696
2,0.5,0.5,3.2,1.042841037,0.007167401
0.4,0.1,0.5,4.1,1.238163788,0.007232625
2,0.5,0,3.4,1,0.007233853
0.4,0.1,0,4.5,1.016286645,0.007235847
5,0.1,0,9.2,1.115128845,0.007237595
0.4,0.1,1,9.3,1.129313025,0.007252672
5,1,1,2.3,1.085141903,0.0072571
0.4,0.1,0.5,9.2,1.147802929,0.00731834
2,1,0.5,9.5,1.010526316,0.007423512
0.4,0.5,0.5,4.2,1.064006024,0.007440468
0.4,1,0.5,9.5,1.018518519,0.00750141
5,1,0.5,2.3,1.017006803,0.007553579
0.4,1,0.5,3.8,1.013157895,0.007563174
5,0.1,0,2.7,1.007575758,0.007575758
5,0.1,0.5,2.7,1.145133944,0.007673334
2,0.1,0.5,3.6,1.139795582,0.007682274
2,0.1,1,9.2,1.178562023,0.007683601
5,0.1,0.5,9.1,1.233426518,0.007729528
2,1,1,9.3,1.126618123,0.007755153
5,0.5,1,9.3,1.160307692,0.007794261
5,0.5,0,9.5,1.031746032,0.007817275
2,1,1,3,1.134955752,0.00798352
0.4,1,0.5,9.4,1.048087432,0.008026882
2,0.1,0.5,9.2,1.240484048,0.008043437
5,1,1,9.4,1.14556701,0.008057317
5,0.5,1,2.4,1.139442231,0.008139214
5,0.1,1,9.1,1.269294836,0.008146851
5,0.5,0.5,2.5,1.053053053,0.008147835
5,1,0,9.7,1.008196721,0.008196721
0.4,0.1,1,2.7,1.327904452,0.008255967
5,1,1,2.2,1.085340674,0.008302189
0.4,0.1,0,9.4,1.081475788,0.008330217
0.4,0.1,0.5,4,1.21054115,0.008474146
2,0.5,1,9.3,1.155995343,0.008497066
5,0.5,0,9.6,1.021126761,0.008548432
5,0.1,1,2.5,1.333381713,0.008608197
0.4,0.1,0.5,9.3,1.150249138,0.008615864
0.4,0.5,0.5,9.5,1.055068836,0.008638206
2,0.1,0,9.3,1.107037256,0.008645939
2,0.1,1,2.5,1.378469871,0.008752262
5,0.5,0.5,9.3,1.115807759,0.008800098
0.4,0.5,1,9.4,1.060425532,0.008877309
2,0.1,0,3.4,1.012738854,0.008978812
2,0.5,1,3,1.215542522,0.009071291
5,1,0,9.8,1.009174312,0.009174312
2,1,0,9.9,1.009174312,0.009174312
2,1,1,2.9,1.150960659,0.009244356
5,0.5,0.5,2.4,1.053793103,0.009249002
0.4,0.5,0.5,9.4,1.076526225,0.009272352
0.4,0.1,1,9.4,1.116292135,0.009317752
5,0.5,1,9.4,1.142394822,0.009382183
0.4,0.1,0,4.4,1.019047619,0.00945521
0.4,0.5,0.5,9.6,1.041493776,0.009555769
5,1,1,2,1.054545455,0.009594285
0.4,0.1,0,9.5,1.074589128,0.009683764
5,0.1,0.5,9.2,1.238781526,0.009984709
0.4,0.5,1,3.3,1.185079494,0.010086894
5,1,1,9.5,1.143765903,0.010131698
0.4,1,1,3.5,1.097184378,0.010143112
0.4,0.1,0.5,9.4,1.13750807,0.010163921
2,0.1,0.5,3.5,1.107834878,0.010260114
2,0.5,0.5,9.3,1.123648649,0.010303321
2,1,1,9.4,1.104549082,0.010327033
5,0.5,1,2.3,1.130747126,0.010566927
5,1,1,1.9,1.050607287,0.010671506
5,0.1,1,2.4,1.373621802,0.010800614
2,0.1,1,2.4,1.405250048,0.010802497
2,0.1,0.5,9.3,1.233395176,0.010846764
2,0.5,1,2.9,1.236996337,0.010915435
0.4,0.5,1,3.2,1.1522694,0.010968571
5,0.1,0.5,2.6,1.13884993,0.010969304
0.4,0.5,0.5,4,1.040625,0.011053391
0.4,0.5,0.5,4.1,1.063670412,0.01122072
5,1,0.5,9.4,1.074074074,0.011270184
0.4,0.1,1,9.5,1.111312217,0.011355612
2,1,1,2.8,1.145043732,0.011485486
5,1,1,2.1,1.095808383,0.011763799
2,0.5,0.5,3,1.036144578,0.011852274
5,0.5,1,2.2,1.131857555,0.011908244
5,0.1,1,2.3,1.390840057,0.011935923
5,1,0.5,2.2,1.027322404,0.012083931
5,0.1,1,9.2,1.299551234,0.012114901
5,0.1,0,2.6,1.012195122,0.012195122
5,0.1,0,9.3,1.122043519,0.012241141
2,0.1,0.5,9.4,1.240043057,0.012334637
5,0.5,0.5,2.2,1.027932961,0.012350843
2,0.5,1,9.4,1.175324675,0.01238396
5,0.1,0.5,2.5,1.117804552,0.012682496
2,0.5,1,2.8,1.260932244,0.012891145
2,0.1,1,9.3,1.2276551,0.0129293
2,0.1,0,9.4,1.126627219,0.012941813
0.4,0.1,1,2.6,1.394311065,0.013016259
2,0.1,1,2.3,1.469951923,0.013080448
0.4,1,1,9.4,1.103683492,0.013102965
5,0.1,1,2.2,1.409542744,0.013248574
5,1,0.5,1.9,1.013513514,0.013513514
0.4,0.5,0.5,9.7,1.052287582,0.013560978
5,0.1,1,2.1,1.402520126,0.01367147
2,0.1,1,2.2,1.45560166,0.013712642
5,0.5,1,9.5,1.162511542,0.01374545
2,1,1,2.5,1.131513648,0.01382769
2,0.5,1,2.7,1.271436684,0.013893336
2,0.1,1,2,1.402537892,0.013899043
2,0.1,1,2.1,1.431007752,0.014248573
0.4,0.1,0.5,3.9,1.225412778,0.01427659
2,0.1,1,1.9,1.370659722,0.014511995
0.4,1,1,3.3,1.121259843,0.014586971
2,0.5,0.5,3.1,1.062874251,0.01459124
0.4,0.1,0.5,9.5,1.136196319,0.014624228
5,0.5,0.5,9.4,1.134727062,0.014624733
2,1,1,2.4,1.113943028,0.014650023
5,1,1,1.3,1.014705882,0.014705882
0.4,0.5,1,3.1,1.18387414,0.014743906
5,0.1,1,2,1.383160738,0.014874683
2,0.5,0.5,9.4,1.113846154,0.014893672
2,1,0.5,2.8,1.015151515,0.015151515
5,0.1,0.5,9.3,1.25787006,0.015156604
5,0.1,0,2.8,1.035031847,0.015169035
2,0.5,1,2.6,1.261316872,0.015209886
0.4,1,1,3.4,1.101102941,0.015332163
2,0.5,1,2.4,1.209497207,0.015415754
2,0.1,1,9.4,1.213658537,0.015562643
2,1,1,2.6,1.138554217,0.0156086
5,0.5,0.5,2.3,1.04379562,0.016135262
2,0.5,1,2.5,1.251908397,0.016143037
2,1,1,2.7,1.177997528,0.016332546
5,0.1,1,9.3,1.294964029,0.016420824
2,0.1,1,1.8,1.356097561,0.016457578
5,1,1,9.6,1.140684411,0.016544658
2,0.1,0,9.5,1.088050314,0.016564866
0.4,0.1,1,2.5,1.451626184,0.016602145
2,0.1,0,3.2,1.016666667,0.016666667
2,1,0.5,2.9,1.024390244,0.017139716
2,0.1,0.5,3.3,1.102625298,0.017327843
2,0.1,0.5,9.5,1.2265625,0.017336045
0.4,1,1,3.2,1.16,0.017386247
0.4,0.1,0,4.2,1.030612245,0.017490833
5,0.5,0.5,9.5,1.153429603,0.017512597
5,1,0.5,9.5,1.07,0.017518902
2,0.5,1,9.5,1.19212963,0.017567184
5,0.5,0.5,2,1.025316456,0.017786315
0.4,0.5,0.5,3.7,1.057803468,0.017794405
2,0.5,0.5,9.5,1.14481409,0.017876587
0.4,0.1,0.5,3.8,1.142602496,0.017893935
0.4,0.1,0,9.6,1.080291971,0.017999157
0.4,0.1,1,2.2,1.457554725,0.018211462
2,0.5,0,3.2,1.026315789,0.018483603
0.4,0.1,0.5,9.6,1.127232143,0.01866261
5,0.1,0.5,2.4,1.093939394,0.01873003
2,0.5,0.5,2.9,1.06097561,0.018742292
5,0.5,1,9.6,1.177664975,0.019035294
0.4,0.1,1,2.3,1.480797278,0.019041975
2,0.1,0.5,3.4,1.110599078,0.019395188
0.4,0.1,1,2.4,1.504193849,0.019400074
0.4,0.1,1,2.1,1.442757009,0.019417101
5,0.1,1,9.4,1.330267559,0.019447604
0.4,0.1,0,4.1,1.027777778,0.019503042
0.4,0.1,0,9.7,1.049723757,0.019628601
0.4,0.1,1,2,1.426666667,0.019726091
2,1,1,9.5,1.136138614,0.019750858
5,0.5,1,1.8,1.04040404,0.019890402
0.4,1,1,2.7,1.02,0.02
5,0.1,1,1.9,1.353705118,0.020034513
5,0.1,0,9.4,1.142857143,0.020049413
5,0.5,1,2,1.112676056,0.020076239
2,0.5,0.5,9.6,1.122282609,0.020271175
2,0.1,1,9.7,1.10373444,0.020541864
2,0.1,1,9.5,1.187601958,0.020614524
2,0.1,0,9.6,1.103585657,0.020860673
2,0.5,1,9.6,1.158974359,0.020880302
2,0.5,0.5,2.8,1.064748201,0.020947808
0.4,0.1,1,9.6,1.166666667,0.021049385
0.4,0.5,0.5,3.9,1.06504065,0.021149695
0.4,1,1,3.1,1.168518519,0.02126883
0.4,0.5,1,3,1.192090395,0.021360371
5,0.5,0.5,9.6,1.126623377,0.021586688
5,0.5,1,2.1,1.14004914,0.021589055
0.4,0.1,0.5,9.7,1.106164384,0.021617528
0.4,0.1,1,1.9,1.38760407,0.022338718
5,1,1,1.8,1.110655738,0.022498396
5,0.5,0,9.7,1.057142857,0.022760786
0.4,0.5,0.5,3.6,1.074285714,0.022947277
0.4,1,1,3,1.183417085,0.023003491
5,1,1,1.7,1.082417582,0.023221602
0.4,0.1,0,4,1.023255814,0.023255814
5,0.1,0.5,2.3,1.073170732,0.023577006
0.4,1,1,2.9,1.198511166,0.024859531
0.4,0.5,0.5,3.8,1.069767442,0.025063018
0.4,0.5,1,2.9,1.236598891,0.025348623
5,0.1,0,9.5,1.136170213,0.026163611
2,0.1,0,3.1,1.026315789,0.026315789
2,0.5,0.5,2.7,1.037735849,0.026425459
5,0.1,0.5,9.4,1.293823038,0.026538939
5,0.5,0.5,1.9,1.06097561,0.026587286
0.4,0.5,1,2.6,1.214084507,0.026720957
2,0.1,1,9.6,1.16,0.026777917
2,0.1,0.5,9.7,1.234323432,0.026930123
5,0.1,1,9.5,1.273279352,0.027791749
5,0.1,0.5,9.5,1.264781491,0.029090525
0.4,0.5,1,2.3,1.257075472,0.029205354
2,0.1,1,1.7,1.355555556,0.030268215
5,1,0.5,1.8,1.03030303,0.03030303
2,0.5,0.5,2.6,1.08490566,0.030325946
5,0.5,1,9.7,1.213270142,0.030567802
0.4,0.5,1,2.7,1.218241042,0.03067198
0.4,0.5,1,2.8,1.284382284,0.030899188
2,0.5,1,2.3,1.301020408,0.031540927
5,0.1,1,1.8,1.361471861,0.031596946
0.4,0.5,0.5,9.8,1.100917431,0.031780749
0.4,0.1,0.5,3.6,1.101123596,0.032139188
0.4,0.5,1,2.5,1.307926829,0.03230004
0.4,1,1,2.8,1.240282686,0.03237749
5,0.5,1,1.9,1.102678571,0.03246197
0.4,0.5,1,2.4,1.319261214,0.033037743
0.4,0.1,0.5,3.5,1.033333333,0.033333333
5,0.5,1,1.7,1.064935065,0.03377412
0.4,0.1,0.5,9.8,1.070175439,0.034134934
2,0.1,0.5,10,1.3515625,0.03415203
0.4,0.5,1,2.2,1.230452675,0.034277678
5,0.1,0.5,9.6,1.142857143,0.034313176
5,0.5,0.5,2.1,1.082352941,0.034347722
0.4,0.1,1,1.8,1.403755869,0.034744023
2,0.5,1,9.7,1.160714286,0.035148426
2,0.5,0.5,9.7,1.125984252,0.035339208
5,0.5,0,2.4,0.947368421,0.036709781
2,1,1,2.3,1.130434783,0.036835135
2,0.1,0.5,9.6,1.335149864,0.036988906
2,0.1,0.5,9.8,1.270992366,0.037028561
0.4,0.1,0.5,3.7,1.173410405,0.037924763
5,0.5,1,9.8,1.156521739,0.038251854
0.4,1,0.5,3.3,1.038461538,0.038461538
5,1,1,9.9,1.141666667,0.039774986
5,0.1,1,9.6,1.208,0.039831905
2,0.1,0.5,3.2,1.16,0.04
5,1,1,9.8,1.119047619,0.040011336
2,0.1,1,1.6,1.236453202,0.040315976
2,0.1,0.5,9.9,1.298449612,0.040362162
5,1,1,9.7,1.182608696,0.042035561
0.4,0.5,0.5,3.2,1.060606061,0.042180033
2,0.1,0.5,2.9,1.218934911,0.042340733
2,0.1,0.5,3.1,1.162162162,0.043141309
5,0.1,0,2.4,1.043478261,0.043478261
5,0.5,1,9.9,1.144067797,0.043853601
5,1,1,10,1.151898734,0.044454235
0.4,0.1,1,9.7,1.272727273,0.044508956
2,1,1,9.6,1.203389831,0.045925262
5,1,0.5,9.6,1.173469388,0.045927133
2,0.1,0.5,3,1.211382114,0.04654107
2,0.5,1,2.1,1.1875,0.047379928
0.4,0.1,0,3.8,1.047619048,0.047619048
0.4,0.1,1,1.7,1.350877193,0.048311275
2,0.1,0,9.7,1.111111111,0.050619272
2,0.1,1,1.5,1.193548387,0.05079672
5,0.5,1,10,1.113207547,0.051539277
5,0.5,0.5,1.8,1.052631579,0.052631579
2,1,1,9.7,1.202380952,0.052966399
5,0.1,1,1.6,1.3125,0.055332228
5,0.1,1,1.7,1.323170732,0.055341617
0.4,1,0.5,2.9,1.055555556,0.055555556
2,0.1,1,9.8,1.205882353,0.057603682
5,0.5,0.5,9.7,1.207317073,0.059450978
0.4,0.1,1,1.6,1.397260274,0.059504688
0.4,0.1,0.5,3.4,1.086956522,0.06007385
0.4,0.5,1,2,1.207792208,0.062247885
0.4,0.1,1,1.5,1.324561404,0.064137251
2,0.5,1,2,1.193548387,0.064383788
0.4,0.1,1,1.4,1.321428571,0.075266884
0.4,0.1,1,9.9,1.383561644,0.079549093
2,1,1,2.1,1.117647059,0.080547435
0.4,0.1,0.5,3,1.15,0.081917802
0.4,0.5,0.5,3.1,1.083333333,0.083333333
2,0.1,1,1.4,1.298507463,0.08510755
0.4,0.1,0.5,3.3,1.125,0.085391256
0.4,0.1,1,9.8,1.493333333,0.089791216
2,0.5,0.5,9.8,1.176470588,0.12820291
2,0.1,0.5,2.8,1.2,0.133333333
0.4,0.1,1,1.3,1.314285714,0.134548286
5,1,1,1.6,1.142857143,0.142857143
5,0.1,0.5,2.1,1.142857143,0.142857143
0.4,1,1,2.6,1.142857143,0.142857143
0.4,0.1,0.5,3.2,1.3125,0.145063251
2,0.5,1,2.2,1.3,0.152752523
5,0.1,0,2.1,1.166666667,0.166666667
2,0.1,0.5,2.3,1.166666667,0.166666667
0.4,0.1,0.5,2.6,1.166666667,0.166666667
0.4,0.1,0,3.2,1.166666667,0.166666667
0.4,0.1,0,3.4,1.166666667,0.166666667
2,1,1,2,1.2,0.2
0.4,0.1,0,3.3,1.2,0.2
0.4,0.5,0.5,2.9,1.25,0.25
0.4,0.1,0.5,3.1,1.25,0.25
0.4,0.1,0.5,2.8,1.375,0.26305214
2,0.1,0.5,2.7,1.5,0.288675135
5,0.5,1,1.6,1.333333333,0.333333333
5,1,0,2,1.333333333,0.333333333
0.4,0.1,0,2.6,1.333333333,0.333333333
5,0.1,1,1.4,1.5,0.377964473
5,0.1,0.5,1.8,1.5,0.5
0.4,1,1,1.9,1.5,0.5
5,0.1,0,1.9,1.5,0.5
0.4,1,0,2.9,1.5,0.5
2,0.1,0.5,1.4,1,0
5,0.1,0.5,1.5,1,0
5,0.5,1,1.5,1,0
5,0.5,0,1.6,1,0
2,1,0,1.7,1,0
5,0.1,0,1.7,1,0
5,1,0,1.8,1,0
2,0.1,0.5,1.9,1,0
2,0.5,0,1.9,1,0
2,0.5,1,1.9,1,0
5,0.1,0.5,2,1,0
5,0.1,0,2,1,0
0.4,0.5,0.5,2.1,1,0
2,0.5,0.5,2.1,1,0
2,1,0.5,2.1,1,0
2,1,0,2.1,1,0
0.4,1,1,2.2,1,0
2,0.5,0.5,2.2,1,0
2,0.5,0,2.2,1,0
2,1,0.5,2.2,1,0
2,1,0,2.2,1,0
2,1,0,2.3,1,0
0.4,0.5,0.5,2.4,1,0
0.4,1,0.5,2.4,1,0
0.4,1,0,2.5,1,0
0.4,1,1,2.5,1,0
2,1,0,2.5,1,0
0.4,1,0.5,2.6,1,0
0.4,0.1,0.5,2.7,1,0
0.4,0.1,0,2.7,1,0
0.4,1,0,2.7,1,0
0.4,0.1,0,2.8,1,0
0.4,0.5,0,2.8,1,0
0.4,0.5,0,2.9,1,0